dept,column_id,title,url,rule_count,checked_at
体育部,318,部门概况,https://pe2016.sspu.edu.cn/318/list.htm,0,2026-09-29 21:15:37
体育部,319,教育教学,https://pe2016.sspu.edu.cn/319/list.htm,0,2026-09-29 21:15:37
体育部,320,学科研究,https://pe2016.sspu.edu.cn/320/list.htm,2,2026-09-29 21:15:37
体育部,321,运动竞赛,https://pe2016.sspu.edu.cn/321/list.htm,0,2026-09-29 21:15:37
体育部,322,群体活动,https://pe2016.sspu.edu.cn/322/list.htm,0,2026-09-29 21:15:37
体育部,323,党群工作,https://pe2016.sspu.edu.cn/323/list.htm,0,2026-09-29 21:15:37
体育部,324,场馆管理,https://pe2016.sspu.edu.cn/324/list.htm,3,2026-09-29 21:15:37
体育部,325,相关下载,https://pe2016.sspu.edu.cn/325/list.htm,0,2026-09-29 21:15:37
体育部,326,友情链接,https://pe2016.sspu.edu.cn/326/list.htm,0,2026-09-29 21:15:37
体育部,342,通知公告,http://pe2016.sspu.edu.cn/342/list.htm,1,2026-09-29 21:15:37
体育部,343,部门动态,http://pe2016.sspu.edu.cn/343/list.htm,0,2026-09-29 21:15:37
保卫处,1017,部门简介,https://bwwz.sspu.edu.cn/1017/list.htm,0,2026-09-29 19:57:52
保卫处,1018,信息公开,https://bwwz.sspu.edu.cn/1018/list.htm,18,2026-09-29 19:57:52
保卫处,1019,平安动态,https://bwwz.sspu.edu.cn/1019/list.htm,0,2026-09-29 19:57:52
保卫处,1020,平安校园,https://bwwz.sspu.edu.cn/1020/list.htm,0,2026-09-29 19:57:52
保卫处,1021,办事指南,https://bwwz.sspu.edu.cn/1021/list.htm,3,2026-09-29 19:57:52
保卫处,1022,应急预案,https://bwwz.sspu.edu.cn/1022/list.htm,0,2026-09-29 19:57:52
保卫处,1023,宣教专栏,https://bwwz.sspu.edu.cn/1023/list.htm,0,2026-09-29 19:57:52
保卫处,1024,值班查询,https://bwwz.sspu.edu.cn/1024/list.htm,0,2026-09-29 19:57:52
保卫处,1025,下载中心,https://bwwz.sspu.edu.cn/1025/list.htm,1,2026-09-29 19:57:52
保卫处,_s3/1019,平安动态,https://bwwz.sspu.edu.cn/_s3/1019/list.psp,0,2026-09-29 19:57:52
保卫处,_s3/1021,办事指南,https://bwwz.sspu.edu.cn/_s3/1021/list.psp,3,2026-09-29 19:57:52
保卫处,_s3/1023,宣教专栏,https://bwwz.sspu.edu.cn/_s3/1023/list.psp,0,2026-09-29 19:57:52
保卫处,_s3/1025,下载中心,https://bwwz.sspu.edu.cn/_s3/1025/list.psp,1,2026-09-29 19:57:52
保卫处,_s3/1026,图片预锦,https://bwwz.sspu.edu.cn/_s3/1026/list.psp,0,2026-09-29 19:57:52
保卫处,_s3/1027,视频集锦,https://bwwz.sspu.edu.cn/_s3/1027/list.psp,0,2026-09-29 19:57:52
信息公开,3141,信息公开指南,https://xxgk.sspu.edu.cn/3141/list.htm,0,2026-09-29 21:31:53
信息公开,3142,信息公开目录,https://xxgk.sspu.edu.cn/3142/list.htm,0,2026-09-29 21:31:53
信息公开,3143,依申请公开,https://xxgk.sspu.edu.cn/3143/list.htm,0,2026-09-29 21:31:53
信息公开,3144,信息公开年度报告,https://xxgk.sspu.edu.cn/3144/list.htm,0,2026-09-29 21:31:53
信息公开,3145,信息公开规章制度,https://xxgk.sspu.edu.cn/3145/list.htm,0,2026-09-29 21:31:53
信息公开,3146,便民服务,https://xxgk.sspu.edu.cn/3146/list.htm,0,2026-09-29 21:31:53
信息公开,3148,更多+,https://xxgk.sspu.edu.cn/3148/list.htm,,2026-09-29 19:44:48
信息公开,3149,更多+,https://xxgk.sspu.edu.cn/3149/list.htm,,2026-09-29 19:44:48
信息公开,3151,更多+,https://xxgk.sspu.edu.cn/3151/list.htm,,2026-09-29 19:44:48
信息公开,3154,信息依申请公开流程,https://xxgk.sspu.edu.cn/3154/list.htm,0,2026-09-29 21:31:53
信息公开,3155,公开申请,https://xxgk.sspu.edu.cn/3155/list.htm,0,2026-09-29 21:31:53
信息公开,3156,申请结果反馈,https://xxgk.sspu.edu.cn/3156/list.htm,0,2026-09-29 21:31:53
信息公开,3157,信息依申请公开举报,https://xxgk.sspu.edu.cn/3157/list.htm,0,2026-09-29 21:31:53
信息公开,3158,办事指南,https://xxgk.sspu.edu.cn/3158/list.htm,0,2026-09-29 21:31:53
信息公开,3159,便民问答,https://xxgk.sspu.edu.cn/3159/list.htm,0,2026-09-29 21:31:53
信息公开,3160,表格下载,https://xxgk.sspu.edu.cn/3160/list.htm,0,2026-09-29 21:31:53
信息公开,3161,网上咨询,http://xxgk.sspu.edu.cn/3161/list.htm,,2026-09-29 19:44:48
信息公开,3162,网上信访,http://xxgk.sspu.edu.cn/3162/list.htm,,2026-09-29 19:44:48
信息公开,3163,网上公示,http://xxgk.sspu.edu.cn/3163/list.htm,,2026-09-29 19:44:48
信息公开,3164,网上征求意见,http://xxgk.sspu.edu.cn/3164/list.htm,,2026-09-29 19:44:48
信息公开,5576,服务社会,https://xxgk.sspu.edu.cn/5576/list.htm,0,2026-09-29 21:31:53
信息公开,5577,校企合作,https://xxgk.sspu.edu.cn/5577/list.htm,0,2026-09-29 21:31:53
信息公开,bkjxgzpgjbkzypgqk,本科教学工作评估及本科专业评估情况,https://xxgk.sspu.edu.cn/bkjxgzpgjbkzypgqk/list.htm,0,2026-09-29 21:31:53
信息公开,bkjxzlbg,本科教学质量报告,https://xxgk.sspu.edu.cn/bkjxzlbg/list.htm,0,2026-09-29 21:31:53
信息公开,bxjssljjgwzmjsxzdqk,本校教师数量及结构、知名教授学者的情况,https://xxgk.sspu.edu.cn/bxjssljjgwzmjsxzdqk/list.htm,0,2026-09-29 21:31:53
信息公开,bysjyzlndbg,毕业生就业质量年度报告,https://xxgk.sspu.edu.cn/bysjyzlndbg/list.htm,0,2026-09-29 21:31:53
信息公开,cjkszsxgxx,春季考试招生相关信息,https://xxgk.sspu.edu.cn/cjkszsxgxx/list.htm,1,2026-09-29 21:31:53
信息公开,cjyjsfsksdcscjwfscjwzcj,参加研究生复试考生的初试成绩、复试成绩、总成绩,https://xxgk.sspu.edu.cn/cjyjsfsksdcscjwfscjwzcj/list.htm,0,2026-09-29 21:31:53
信息公开,cwyzcgl,财务与资产管理,https://xxgk.sspu.edu.cn/cwyzcgl/list.htm,13,2026-09-29 21:31:53
信息公开,cwyzcglzd,财务与资产管理制度,https://xxgk.sspu.edu.cn/cwyzcglzd/list.htm,13,2026-09-29 21:31:53
信息公开,czbkzcjsb,财政拨款支出决算表,https://xxgk.sspu.edu.cn/czbkzcjsb/list.htm,0,2026-09-29 21:31:53
信息公开,czbkzcysb,财政拨款支出预算表,https://xxgk.sspu.edu.cn/czbkzcysb/list.htm,0,2026-09-29 21:31:53
信息公开,dwjlxm,对外交流项目,https://xxgk.sspu.edu.cn/dwjlxm/list.htm,1,2026-09-29 21:31:53
信息公开,dxsybzdjxxxgglbf,大学生医保制度及学校相关管理办法,https://xxgk.sspu.edu.cn/dxsybzdjxxxgglbf/list.htm,0,2026-09-29 21:31:53
信息公开,ggaqyjyajxgzd,公共安全应急预案及相关制度,https://xxgk.sspu.edu.cn/ggaqyjyajxgzd/list.htm,0,2026-09-29 21:31:53
信息公开,ghjh,规划计划,https://xxgk.sspu.edu.cn/ghjh/list.htm,0,2026-09-29 21:31:53
信息公开,gjjlyhz,国际交流与合作,https://xxgk.sspu.edu.cn/gjjlyhz/list.htm,3,2026-09-29 21:31:53
信息公开,gjxsglzd,国际学生管理制度,https://xxgk.sspu.edu.cn/gjxsglzd/list.htm,2,2026-09-29 21:31:53
信息公开,gjxszsjz,国际学生招生简章,https://xxgk.sspu.edu.cn/gjxszsjz/list.htm,0,2026-09-29 21:31:53
信息公开,gkcbszszc,公开插班生招生章程,https://xxgk.sspu.edu.cn/gkcbszszc/list.htm,0,2026-09-29 21:31:53
信息公开,gljsxmywxgcdglgd,各类建设项目与维修工程的管理规定,https://xxgk.sspu.edu.cn/gljsxmywxgcdglgd/list.htm,9,2026-09-29 21:31:53
信息公开,gxjszcpsgs,高校教师职称评审公示,https://xxgk.sspu.edu.cn/gxjszcpsgs/list.htm,0,2026-09-29 21:31:53
信息公开,gywxwswhxkwzyzsyjsrs,各院（系、所）或学科、专业招收研究生人数,https://xxgk.sspu.edu.cn/gywxwswhxkwzyzsyjsrs/list.htm,0,2026-09-29 21:31:53
信息公开,hqbz,后勤保障,https://xxgk.sspu.edu.cn/hqbz/list.htm,3,2026-09-29 21:31:53
信息公开,jdgz,监督工作,https://xxgk.sspu.edu.cn/jdgz/list.htm,0,2026-09-29 21:31:53
信息公开,jdtssl,更多+,https://xxgk.sspu.edu.cn/jdtssl/list.htm,,2026-09-29 19:44:48
信息公开,jjywxgcgl,基建与维修工程管理,https://xxgk.sspu.edu.cn/jjywxgcgl/list.htm,11,2026-09-29 21:31:53
信息公开,jnglgzqk,节能管理工作情况,https://xxgk.sspu.edu.cn/jnglgzqk/list.htm,0,2026-09-29 21:31:53
信息公开,jsrs,教师人事,https://xxgk.sspu.edu.cn/jsrs/list.htm,3,2026-09-29 21:31:53
信息公开,jssstjyclcx,教师申诉途径与处理程序,https://xxgk.sspu.edu.cn/jssstjyclcx/list.htm,2,2026-09-29 21:31:53
信息公开,jsyqtzyjsrygwszhpyglbf,教师与其他专业技术人员岗位设置和聘用管理办法,https://xxgk.sspu.edu.cn/jsyqtzyjsrygwszhpyglbf/list.htm,0,2026-09-29 21:31:53
信息公开,jxgl,教学管理,https://xxgk.sspu.edu.cn/jxgl/list.htm,0,2026-09-29 21:31:53
信息公开,jysfxmjbz,教育收费项目及标准,https://xxgk.sspu.edu.cn/jysfxmjbz/list.htm,0,2026-09-29 21:31:53
信息公开,jzgdbdhxgzdwgzbg,教职工代表大会相关制度、工作报告,https://xxgk.sspu.edu.cn/jzgdbdhxgzdwgzbg/list.htm,1,2026-09-29 21:31:53
信息公开,kygl,科研管理,https://xxgk.sspu.edu.cn/kygl/list.htm,1,2026-09-29 21:31:53
信息公开,kyhjqk,科研获奖情况,https://xxgk.sspu.edu.cn/kyhjqk/list.htm,0,2026-09-29 21:31:53
信息公开,lqjg,录取结果,https://xxgk.sspu.edu.cn/lqjg/list.htm,0,2026-09-29 21:31:53
信息公开,ndgzjh,年度工作计划,https://xxgk.sspu.edu.cn/ndgzjh/list.htm,0,2026-09-29 21:31:53
信息公开,ndjsxmywxgcylb,年度建设项目与维修工程一览表,https://xxgk.sspu.edu.cn/ndjsxmywxgcylb/list.htm,0,2026-09-29 21:31:53
信息公开,ndxfjsgzbg,年度学风建设工作报告,https://xxgk.sspu.edu.cn/ndxfjsgzbg/list.htm,0,2026-09-29 21:31:53
信息公开,nlqksmd,拟录取考生名单,https://xxgk.sspu.edu.cn/nlqksmd/list.htm,0,2026-09-29 21:31:53
信息公开,ptgxzkccyfzzzsxgxx,普通高校专科层次依法自主招生相关信息,https://xxgk.sspu.edu.cn/ptgxzkccyfzzzsxgxx/list.htm,1,2026-09-29 21:31:53
信息公开,ptgxzsxx,普通高校招生信息,https://xxgk.sspu.edu.cn/ptgxzsxx/list.htm,5,2026-09-29 21:31:53
信息公开,qjzskszsxgxx,秋季招生考试招生相关信息,https://xxgk.sspu.edu.cn/qjzskszsxgxx/list.htm,0,2026-09-29 21:31:53
信息公开,shdegydxxxgkml,上海第二工业大学信息公开目录,https://xxgk.sspu.edu.cn/shdegydxxxgkml/list.htm,0,2026-09-29 21:31:53
信息公开,srjsb,收入决算表,https://xxgk.sspu.edu.cn/srjsb/list.htm,0,2026-09-29 21:31:53
信息公开,srysb,收入预算表,https://xxgk.sspu.edu.cn/srysb/list.htm,0,2026-09-29 21:31:53
信息公开,sswxsxwpdglbfjyq,硕士、学士学位评定管理办法及要求,https://xxgk.sspu.edu.cn/sswxsxwpdglbfjyq/list.htm,3,2026-09-29 21:31:53
信息公开,sytdxlryxwglgd,授予同等学力人员学位管理规定,https://xxgk.sspu.edu.cn/sytdxlryxwglgd/list.htm,0,2026-09-29 21:31:53
信息公开,szjszb,收支决算总表,https://xxgk.sspu.edu.cn/szjszb/list.htm,0,2026-09-29 21:31:53
信息公开,szyszb,收支预算总表,https://xxgk.sspu.edu.cn/szyszb/list.htm,0,2026-09-29 21:31:53
信息公开,tslm,特色栏目,https://xxgk.sspu.edu.cn/tslm/list.htm,0,2026-09-29 21:31:53
信息公开,tslm_5561,特色栏目,https://xxgk.sspu.edu.cn/tslm_5561/list.htm,,2026-09-29 19:44:48
信息公开,tysbyfzzzsxgxx,退役士兵依法自主招生相关信息,https://xxgk.sspu.edu.cn/tysbyfzzzsxgxx/list.htm,0,2026-09-29 21:31:53
信息公开,wzsbwzsxx,“专升本”招生信息,https://xxgk.sspu.edu.cn/wzsbwzsxx/list.htm,1,2026-09-29 21:31:53
信息公开,xfjs,学风建设,https://xxgk.sspu.edu.cn/xfjs/list.htm,11,2026-09-29 21:31:53
信息公开,xfjsjgwbkcymdw,学风建设机构（包括成员名单）,https://xxgk.sspu.edu.cn/xfjsjgwbkcymdw/list.htm,0,2026-09-29 21:31:53
信息公开,xkjsgh,学科建设规划,https://xxgk.sspu.edu.cn/xkjsgh/list.htm,0,2026-09-29 21:31:53
信息公开,xkzyszwdnxzhtzzymd,学科专业设置、当年新增或停招专业名单,https://xxgk.sspu.edu.cn/xkzyszwdnxzhtzzymd/list.htm,0,2026-09-29 21:31:53
信息公开,xsbdxwccjz,学术不端行为查处机制,https://xxgk.sspu.edu.cn/xsbdxwccjz/list.htm,6,2026-09-29 21:31:53
信息公开,xsgfzd,学术规范制度,https://xxgk.sspu.edu.cn/xsgfzd/list.htm,5,2026-09-29 21:31:53
信息公开,xsjlclbf,学生奖励处理办法,https://xxgk.sspu.edu.cn/xsjlclbf/list.htm,6,2026-09-29 21:31:53
信息公开,xsjzgl,学生奖助学金的申请流程或管理办法,https://xxgk.sspu.edu.cn/xsjzgl/list.htm,14,2026-09-29 21:31:53
信息公开,xssstjyclcx,学生申诉途径与处理程序,https://xxgk.sspu.edu.cn/xssstjyclcx/list.htm,3,2026-09-29 21:31:53
信息公开,xsswgl,学生事务管理,https://xxgk.sspu.edu.cn/xsswgl/list.htm,30,2026-09-29 21:31:53
信息公开,xstzjkcsztjg,学生体质健康测试总体结果,https://xxgk.sspu.edu.cn/xstzjkcsztjg/list.htm,0,2026-09-29 21:31:53
信息公开,xswyhxgzdjjy,学术委员会相关制度及决议,https://xxgk.sspu.edu.cn/xswyhxgzdjjy/list.htm,1,2026-09-29 21:31:53
信息公开,xsxjglgd,学生学籍管理规定,https://xxgk.sspu.edu.cn/xsxjglgd/list.htm,0,2026-09-29 21:31:53
信息公开,xszsglzdjfwxx,学生住宿管理制度及服务信息,https://xxgk.sspu.edu.cn/xszsglzdjfwxx/list.htm,1,2026-09-29 21:31:53
信息公开,xwgl,学位管理,https://xxgk.sspu.edu.cn/xwgl/list.htm,4,2026-09-29 21:31:53
信息公开,xwyyjsjyzlndbg,学位与研究生教育质量年度报告,https://xxgk.sspu.edu.cn/xwyyjsjyzlndbg/list.htm,0,2026-09-29 21:31:53
信息公开,xxgk,学校概况,https://xxgk.sspu.edu.cn/xxgk/list.htm,0,2026-09-29 21:31:53
信息公开,xxjbqk,学校基本情况,https://xxgk.sspu.edu.cn/xxjbqk/list.htm,11,2026-09-29 21:31:53
信息公开,xxjdtsdhwtsyxwsljgjdz,学校监督投诉电话、投诉邮箱、受理机构及地址,https://xxgk.sspu.edu.cn/xxjdtsdhwtsyxwsljgjdz/list.htm,0,2026-09-29 21:31:53
信息公开,xxjzgzpxx,学校教职工招聘信息,https://xxgk.sspu.edu.cn/xxjzgzpxx/list.htm,0,2026-09-29 21:31:53
信息公开,xxkjcgzhgztjqk,学校科技成果转化工作推进情况,https://xxgk.sspu.edu.cn/xxkjcgzhgztjqk/list.htm,0,2026-09-29 21:31:53
信息公开,xxkskczswjxjhqkd,学校开设课程总数、教学计划情况等,https://xxgk.sspu.edu.cn/xxkskczswjxjhqkd/list.htm,0,2026-09-29 21:31:53
信息公开,xxldbzcyjfg,学校领导班子成员及分工,https://xxgk.sspu.edu.cn/xxldbzcyjfg/list.htm,0,2026-09-29 21:31:53
信息公开,xxspwsaqglxx,学校食品卫生安全管理信息,https://xxgk.sspu.edu.cn/xxspwsaqglxx/list.htm,0,2026-09-29 21:31:53
信息公开,xxzcwxxzygzzd,学校章程、现行主要规章制度,https://xxgk.sspu.edu.cn/xxzcwxxzygzzd/list.htm,9,2026-09-29 21:31:53
信息公开,xxztfzghwsswghbzgzxxw,学校“十四五”发展规划,https://xxgk.sspu.edu.cn/xxztfzghwsswghbzgzxxw/list.htm,0,2026-09-29 21:31:53
信息公开,yfzxndbgb,依法治校年度报告表,https://xxgk.sspu.edu.cn/yfzxndbgb/list.htm,0,2026-09-29 21:31:53
信息公开,yjszsjzwzszymlwfslqbf,研究生招生简章、招生专业目录、复试录取办法,https://xxgk.sspu.edu.cn/yjszsjzwzszymlwfslqbf/list.htm,4,2026-09-29 21:31:53
信息公开,yjszsxx,研究生招生信息,https://xxgk.sspu.edu.cn/yjszsxx/list.htm,4,2026-09-29 21:31:53
信息公开,yjszszxjssqd,研究生招生咨询及申诉渠道,https://xxgk.sspu.edu.cn/yjszszxjssqd/list.htm,0,2026-09-29 21:31:53
信息公开,zbqkyzbqk,招标情况与中标情况,https://xxgk.sspu.edu.cn/zbqkyzbqk/list.htm,0,2026-09-29 21:31:53
信息公开,zcjsb,支出决算表,https://xxgk.sspu.edu.cn/zcjsb/list.htm,0,2026-09-29 21:31:53
信息公开,zcysb,支出预算表,https://xxgk.sspu.edu.cn/zcysb/list.htm,0,2026-09-29 21:31:53
信息公开,zsjh,招生计划,https://xxgk.sspu.edu.cn/zsjh/list.htm,0,2026-09-29 21:31:53
信息公开,zsyjzdzyxxbysxgxx,招收应届中等职业学校毕业生相关信息,https://xxgk.sspu.edu.cn/zsyjzdzyxxbysxgxx/list.htm,2,2026-09-29 21:31:53
信息公开,zszxjssqd,招生咨询及申诉渠道,https://xxgk.sspu.edu.cn/zszxjssqd/list.htm,0,2026-09-29 21:31:53
信息公开,zwhzbxjghxm,中外合作办学机构和项目,https://xxgk.sspu.edu.cn/zwhzbxjghxm/list.htm,0,2026-09-29 21:31:53
创新创业中心,5743,走进双创,https://cxcy.sspu.edu.cn/5743/list.htm,0,2026-09-29 21:14:40
创新创业中心,5744,双创教育,https://cxcy.sspu.edu.cn/5744/list.htm,0,2026-09-29 21:14:40
创新创业中心,5745,实践竞赛,https://cxcy.sspu.edu.cn/5745/list.htm,0,2026-09-29 21:14:40
创新创业中心,5746,创业实践,https://cxcy.sspu.edu.cn/5746/list.htm,0,2026-09-29 21:14:40
创新创业中心,5747,政策法规,https://cxcy.sspu.edu.cn/5747/list.htm,2,2026-09-29 21:14:40
创新创业中心,5748,下载中心,https://cxcy.sspu.edu.cn/5748/list.htm,0,2026-09-29 21:14:40
创新创业中心,5751,中心简介,https://cxcy.sspu.edu.cn/5751/list.htm,0,2026-09-29 21:14:40
创新创业中心,5752,工作职责,https://cxcy.sspu.edu.cn/5752/list.htm,0,2026-09-29 21:14:40
创新创业中心,5753,双创课堂,https://cxcy.sspu.edu.cn/5753/list.htm,0,2026-09-29 21:14:40
创新创业中心,5754,双创培训,https://cxcy.sspu.edu.cn/5754/list.htm,0,2026-09-29 21:14:40
创新创业中心,5755,教师风采,https://cxcy.sspu.edu.cn/5755/list.htm,0,2026-09-29 21:14:40
创新创业中心,5756,品牌赛事,https://cxcy.sspu.edu.cn/5756/list.htm,0,2026-09-29 21:14:40
创新创业中心,5757,大创项目,https://cxcy.sspu.edu.cn/5757/list.htm,0,2026-09-29 21:14:40
创新创业中心,5758,双创人物,https://cxcy.sspu.edu.cn/5758/list.htm,0,2026-09-29 21:14:40
创新创业中心,5759,智创天地,https://cxcy.sspu.edu.cn/5759/list.htm,0,2026-09-29 21:14:40
创新创业中心,5760,创业导师团,https://cxcy.sspu.edu.cn/5760/list.htm,0,2026-09-29 21:14:40
创新创业中心,5761,优惠政策,https://cxcy.sspu.edu.cn/5761/list.htm,0,2026-09-29 21:14:40
创新创业中心,5762,校内文件,https://cxcy.sspu.edu.cn/5762/list.htm,2,2026-09-29 21:14:40
创新创业中心,_s154/5744,双创教育,https://cxcy.sspu.edu.cn/_s154/5744/list.psp,0,2026-09-29 21:14:40
创新创业中心,_s154/5745,实践竞赛,https://cxcy.sspu.edu.cn/_s154/5745/list.psp,0,2026-09-29 21:14:40
创新创业中心,_s154/5746,创业实践,https://cxcy.sspu.edu.cn/_s154/5746/list.psp,0,2026-09-29 21:14:40
创新创业中心,_s154/5749,通知公告,https://cxcy.sspu.edu.cn/_s154/5749/list.psp,0,2026-09-29 21:14:40
后勤保障处,1507,后勤管理,https://hqbz.sspu.edu.cn/1507/list.htm,0,2026-09-29 19:58:20
后勤保障处,1508,规章制度,https://hqbz.sspu.edu.cn/1508/list.htm,2,2026-09-29 19:58:20
后勤保障处,1509,信息公开,https://hqbz.sspu.edu.cn/1509/list.htm,0,2026-09-29 19:58:20
后勤保障处,1510,总务管理,https://hqbz.sspu.edu.cn/1510/list.htm,0,2026-09-29 19:58:20
后勤保障处,1511,修缮管理,https://hqbz.sspu.edu.cn/1511/list.htm,0,2026-09-29 19:58:20
后勤保障处,1512,能源管理,https://hqbz.sspu.edu.cn/1512/list.htm,0,2026-09-29 19:58:20
后勤保障处,1513,卫生红十字,https://hqbz.sspu.edu.cn/1513/list.htm,0,2026-09-29 19:58:20
后勤保障处,_s97/1514,动态新闻,https://hqbz.sspu.edu.cn/_s97/1514/list.psp,0,2026-09-29 19:58:20
后勤保障处,_s97/1515,公告,https://hqbz.sspu.edu.cn/_s97/1515/list.psp,0,2026-09-29 19:58:20
后勤保障处,_s97/1516,更多》,https://hqbz.sspu.edu.cn/_s97/1516/list.psp,0,2026-09-29 19:58:20
后勤保障处,_s97/1517,更多》,https://hqbz.sspu.edu.cn/_s97/1517/list.psp,0,2026-09-29 19:58:20
后勤保障处,_s97/1519,工作流程,https://hqbz.sspu.edu.cn/_s97/1519/list.psp,0,2026-09-29 19:58:20
后勤保障处,_s97/1520,相关下载,https://hqbz.sspu.edu.cn/_s97/1520/list.psp,0,2026-09-29 19:58:20
后勤保障处,_s97/1521,服务电话,https://hqbz.sspu.edu.cn/_s97/1521/list.psp,0,2026-09-29 19:58:20
国际交流处,172,因公出国（境),https://gjjlc.sspu.edu.cn/172/list.htm,0,2026-09-29 21:14:23
国际交流处,173,合作办学,https://gjjlc.sspu.edu.cn/173/list.htm,2,2026-09-29 21:14:23
国际交流处,174,海外师资,https://gjjlc.sspu.edu.cn/174/list.htm,1,2026-09-29 21:14:23
国际交流处,175,国际会议,https://gjjlc.sspu.edu.cn/175/list.htm,0,2026-09-29 21:14:23
国际交流处,176,学生海外学习实习,https://gjjlc.sspu.edu.cn/176/list.htm,4,2026-09-29 21:14:23
国际交流处,177,政务公开,https://gjjlc.sspu.edu.cn/177/list.htm,0,2026-09-29 21:14:23
国际交流处,179,各项新闻,http://gjjlc.sspu.edu.cn/179/list.htm,0,2026-09-29 21:14:23
国际交流处,180,各项通知、公告,http://gjjlc.sspu.edu.cn/180/list.htm,0,2026-09-29 21:14:23
国际交流处,181,友情链接,http://gjjlc.sspu.edu.cn/181/list.htm,0,2026-09-29 21:14:23
国际交流处,wshd,外事活动,https://gjjlc.sspu.edu.cn/wshd/list.htm,0,2026-09-29 21:14:23
图书馆,2501,本馆概况,https://library.sspu.edu.cn/2501/list.htm,0,2026-09-29 21:13:25
图书馆,2502,资源,https://library.sspu.edu.cn/2502/list.htm,0,2026-09-29 21:13:25
图书馆,2503,服务,https://library.sspu.edu.cn/2503/list.htm,0,2026-09-29 21:13:25
图书馆,2504,文化品牌,https://library.sspu.edu.cn/2504/list.htm,0,2026-09-29 21:13:25
图书馆,2561,规章制度,https://library.sspu.edu.cn/2561/list.htm,9,2026-09-29 21:13:25
图书馆,2562,图书馆流程,https://library.sspu.edu.cn/2562/list.htm,0,2026-09-29 21:13:25
图书馆,2563,图书查询,https://library.sspu.edu.cn/2563/list.htm,0,2026-09-29 21:13:25
图书馆,2567,中图分类法简表,https://library.sspu.edu.cn/2567/list.htm,0,2026-09-29 21:13:25
图书馆,2573,学科服务,https://library.sspu.edu.cn/2573/list.htm,0,2026-09-29 21:13:25
图书馆,2574,读者服务,https://library.sspu.edu.cn/2574/list.htm,0,2026-09-29 21:13:25
图书馆,2575,个性化服务,https://library.sspu.edu.cn/2575/list.htm,0,2026-09-29 21:13:25
图书馆,2576,学科馆员,https://library.sspu.edu.cn/2576/list.htm,0,2026-09-29 21:13:25
图书馆,2577,学术文献,https://library.sspu.edu.cn/2577/list.htm,0,2026-09-29 21:13:25
图书馆,2578,学科资讯,https://library.sspu.edu.cn/2578/list.htm,0,2026-09-29 21:13:25
图书馆,2579,学科动态,https://library.sspu.edu.cn/2579/list.htm,0,2026-09-29 21:13:25
图书馆,2580,开放时间,https://library.sspu.edu.cn/2580/list.htm,0,2026-09-29 21:13:25
图书馆,2581,文献传递与馆际互借,https://library.sspu.edu.cn/2581/list.htm,0,2026-09-29 21:13:25
图书馆,2582,新书荐购,https://library.sspu.edu.cn/2582/list.htm,0,2026-09-29 21:13:25
图书馆,2584,图书借阅规定,https://library.sspu.edu.cn/2584/list.htm,2,2026-09-29 21:13:25
图书馆,2585,研讨室预约,https://library.sspu.edu.cn/2585/list.htm,0,2026-09-29 21:13:25
图书馆,2589,文献资源读者使用手册,https://library.sspu.edu.cn/2589/list.htm,1,2026-09-29 21:13:25
图书馆,2590,读书周,https://library.sspu.edu.cn/2590/list.htm,0,2026-09-29 21:13:25
图书馆,2591,服务月,https://library.sspu.edu.cn/2591/list.htm,0,2026-09-29 21:13:25
图书馆,2592,知识一小时,https://library.sspu.edu.cn/2592/list.htm,0,2026-09-29 21:13:25
图书馆,2631,新闻动态,https://library.sspu.edu.cn/2631/list.htm,0,2026-09-29 21:13:25
图书馆,2632,通知公告,https://library.sspu.edu.cn/2632/list.htm,0,2026-09-29 21:13:25
图书馆,2633,培训讲座,https://library.sspu.edu.cn/2633/list.htm,0,2026-09-29 21:13:25
图书馆,2635,中文,https://library.sspu.edu.cn/2635/list.htm,0,2026-09-29 21:13:25
图书馆,2636,外文,https://library.sspu.edu.cn/2636/list.htm,0,2026-09-29 21:13:25
图书馆,2637,开放获取,https://library.sspu.edu.cn/2637/list.htm,0,2026-09-29 21:13:25
图书馆,2638,试用,https://library.sspu.edu.cn/2638/list.htm,0,2026-09-29 21:13:25
图书馆,2639,多媒体,https://library.sspu.edu.cn/2639/list.htm,0,2026-09-29 21:13:25
图书馆,cscy,查收查引,https://library.sspu.edu.cn/cscy/list.htm,0,2026-09-29 21:13:25
图书馆,kjcx,科技查新,https://library.sspu.edu.cn/kjcx/list.htm,0,2026-09-29 21:13:25
图书馆,szwxsjk,数字文献数据库,https://library.sspu.edu.cn/szwxsjk/list.htm,0,2026-09-29 21:13:25
图书馆,xjyy,续借预约,https://library.sspu.edu.cn/xjyy/list.htm,2,2026-09-29 21:13:25
图书馆,xstj,新书推荐,https://library.sspu.edu.cn/xstj/list.htm,1,2026-09-29 21:13:25
学生处,489,学工要闻,https://xsc.sspu.edu.cn/489/list.htm,0,2026-09-29 19:54:41
学生处,490,通知公告,https://xsc.sspu.edu.cn/490/list.htm,0,2026-09-29 19:54:41
学生处,6117,新闻公告,https://xsc.sspu.edu.cn/6117/list.htm,0,2026-09-29 19:54:41
学生处,6118,队伍建设,https://xsc.sspu.edu.cn/6118/list.htm,0,2026-09-29 19:54:41
学生处,6120,专题工作,https://xsc.sspu.edu.cn/6120/list.htm,0,2026-09-29 19:54:41
学生处,6121,规章制度,https://xsc.sspu.edu.cn/6121/list.htm,14,2026-09-29 19:54:41
学生处,6126,辅导员队伍,https://xsc.sspu.edu.cn/6126/list.htm,0,2026-09-29 19:54:41
学生处,6127,党建工作,https://xsc.sspu.edu.cn/6127/list.htm,0,2026-09-29 19:54:41
学生处,6129,一站式社区,https://xsc.sspu.edu.cn/6129/list.htm,1,2026-09-29 19:54:41
学生处,6130,资助工作,https://xsc.sspu.edu.cn/6130/list.htm,0,2026-09-29 19:54:41
学生处,6131,心理健康,https://xsc.sspu.edu.cn/6131/list.htm,0,2026-09-29 19:54:41
学生处,6132,国防教育,https://xsc.sspu.edu.cn/6132/list.htm,0,2026-09-29 19:54:41
学生处,6133,培训,https://xsc.sspu.edu.cn/6133/list.htm,0,2026-09-29 19:54:41
学生处,6134,比赛,https://xsc.sspu.edu.cn/6134/list.htm,0,2026-09-29 19:54:41
学生处,6135,活动,https://xsc.sspu.edu.cn/6135/list.htm,0,2026-09-29 19:54:41
学生处,6136,专题教育,https://xsc.sspu.edu.cn/6136/list.htm,0,2026-09-29 19:54:41
学生处,6137,主题活动,https://xsc.sspu.edu.cn/6137/list.htm,0,2026-09-29 19:54:41
学生处,6138,学风建设,https://xsc.sspu.edu.cn/6138/list.htm,1,2026-09-29 19:54:41
学生处,6139,学生事务中心,https://xsc.sspu.edu.cn/6139/list.htm,0,2026-09-29 19:54:41
学生处,6140,奖助学金,https://xsc.sspu.edu.cn/6140/list.htm,0,2026-09-29 19:54:41
学生处,6141,助学贷款,https://xsc.sspu.edu.cn/6141/list.htm,0,2026-09-29 19:54:41
学生处,6142,勤工助学,https://xsc.sspu.edu.cn/6142/list.htm,0,2026-09-29 19:54:41
学生处,6143,帮困助学,https://xsc.sspu.edu.cn/6143/list.htm,0,2026-09-29 19:54:41
学生处,6144,咨询预约,https://xsc.sspu.edu.cn/6144/list.htm,0,2026-09-29 19:54:41
学生处,6145,心理活动,https://xsc.sspu.edu.cn/6145/list.htm,0,2026-09-29 19:54:41
学生处,6146,朋辈联盟,https://xsc.sspu.edu.cn/6146/list.htm,0,2026-09-29 19:54:41
学生处,6147,征兵政策,https://xsc.sspu.edu.cn/6147/list.htm,0,2026-09-29 19:54:41
学生处,6148,国防风采,https://xsc.sspu.edu.cn/6148/list.htm,0,2026-09-29 19:54:41
学生处,bmjs,部门介绍,https://xsc.sspu.edu.cn/bmjs/list.htm,0,2026-09-29 19:54:41
学生处,fwgl,服务管理,https://xsc.sspu.edu.cn/fwgl/list.htm,0,2026-09-29 19:54:41
学生处,szjywyzssq,思政教育,https://xsc.sspu.edu.cn/szjywyzssq/list.htm,0,2026-09-29 19:54:41
学生处,xgdt,学院风采,https://xsc.sspu.edu.cn/xgdt/list.htm,0,2026-09-29 19:54:41
学生处,xgfc,工大学子,https://xsc.sspu.edu.cn/xgfc/list.htm,0,2026-09-29 19:54:41
教务处,883,部门概况,https://jwc.sspu.edu.cn/883/list.htm,0,2026-09-29 19:35:33
教务处,884,教学研究,https://jwc.sspu.edu.cn/884/list.htm,0,2026-09-29 19:35:33
教务处,885,教学实践,https://jwc.sspu.edu.cn/885/list.htm,3,2026-09-29 19:35:33
教务处,886,教务信息,https://jwc.sspu.edu.cn/886/list.htm,0,2026-09-29 19:35:33
教务处,887,考试中心,https://jwc.sspu.edu.cn/887/list.htm,0,2026-09-29 19:35:33
教务处,888,语言文字,https://jwc.sspu.edu.cn/888/list.htm,3,2026-09-29 19:35:33
教务处,889,非学历教育,https://jwc.sspu.edu.cn/889/list.htm,1,2026-09-29 19:35:33
教务处,895,教学动态,https://jwc.sspu.edu.cn/895/list.htm,0,2026-09-29 19:35:33
教务处,896,专栏,https://jwc.sspu.edu.cn/896/list.htm,0,2026-09-29 19:35:33
教务处,897,学生专栏,https://jwc.sspu.edu.cn/897/list.htm,0,2026-09-29 19:35:33
教务处,898,教师专栏,https://jwc.sspu.edu.cn/898/list.htm,0,2026-09-29 19:35:33
教务处,908,规章制度,https://jwc.sspu.edu.cn/908/list.htm,6,2026-09-29 19:35:33
教务处,909,办事流程,https://jwc.sspu.edu.cn/909/list.htm,0,2026-09-29 19:35:33
教务处,910,快速通道,https://jwc.sspu.edu.cn/910/list.htm,0,2026-09-29 19:35:33
教务处,920,部门概况,https://jwc.sspu.edu.cn/920/list.htm,0,2026-09-29 19:35:33
教务处,921,机构设置,https://jwc.sspu.edu.cn/921/list.htm,0,2026-09-29 19:35:33
教务处,922,专业设置,https://jwc.sspu.edu.cn/922/list.htm,0,2026-09-29 19:35:33
教务处,923,教学改革,https://jwc.sspu.edu.cn/923/list.htm,1,2026-09-29 19:35:33
教务处,924,培养方案,https://jwc.sspu.edu.cn/924/list.htm,0,2026-09-29 19:35:33
教务处,925,学业导师,https://jwc.sspu.edu.cn/925/list.htm,1,2026-09-29 19:35:33
教务处,926,毕业设计,https://jwc.sspu.edu.cn/926/list.htm,2,2026-09-29 19:35:33
教务处,927,科技创新与科学竞赛,https://jwc.sspu.edu.cn/927/list.htm,3,2026-09-29 19:35:33
教务处,928,常用下载,https://jwc.sspu.edu.cn/928/list.htm,0,2026-09-29 19:35:33
教务处,932,学籍管理,https://jwc.sspu.edu.cn/932/list.htm,0,2026-09-29 19:35:33
教务处,933,学历管理,https://jwc.sspu.edu.cn/933/list.htm,4,2026-09-29 19:35:33
教务处,934,成绩管理,https://jwc.sspu.edu.cn/934/list.htm,0,2026-09-29 19:35:33
教务处,935,选课管理,https://jwc.sspu.edu.cn/935/list.htm,1,2026-09-29 19:35:33
教务处,936,教室借用,https://jwc.sspu.edu.cn/936/list.htm,0,2026-09-29 19:35:33
教务处,937,辅修管理,https://jwc.sspu.edu.cn/937/list.htm,3,2026-09-29 19:35:33
教务处,938,任务管理,https://jwc.sspu.edu.cn/938/list.htm,1,2026-09-29 19:35:33
教务处,940,考试日历,https://jwc.sspu.edu.cn/940/list.htm,0,2026-09-29 19:35:33
教务处,941,考试管理,https://jwc.sspu.edu.cn/941/list.htm,1,2026-09-29 19:35:33
教务处,942,表格下载,https://jwc.sspu.edu.cn/942/list.htm,0,2026-09-29 19:35:33
教务处,943,常见问题,https://jwc.sspu.edu.cn/943/list.htm,1,2026-09-29 19:35:33
教务处,944,政策法规,https://jwc.sspu.edu.cn/944/list.htm,3,2026-09-29 19:35:33
教务处,945,通知公告,https://jwc.sspu.edu.cn/945/list.htm,0,2026-09-29 19:35:33
教务处,946,活动报道,https://jwc.sspu.edu.cn/946/list.htm,0,2026-09-29 19:35:33
教务处,947,测试专栏,https://jwc.sspu.edu.cn/947/list.htm,0,2026-09-29 19:35:33
教务处,952,工作动态,http://jwc.sspu.edu.cn/952/list.htm,0,2026-09-29 19:35:33
数学与统计学院,2596,学院概况,https://sltj.sspu.edu.cn/2596/list.htm,0,2026-09-29 21:22:42
数学与统计学院,2597,师资队伍,https://sltj.sspu.edu.cn/2597/list.htm,0,2026-09-29 21:22:42
数学与统计学院,2598,科学研究,https://sltj.sspu.edu.cn/2598/list.htm,0,2026-09-29 21:22:42
数学与统计学院,2599,教育教学,https://sltj.sspu.edu.cn/2599/list.htm,0,2026-09-29 21:22:42
数学与统计学院,2600,合作交流,https://sltj.sspu.edu.cn/2600/list.htm,0,2026-09-29 21:22:42
数学与统计学院,2601,党建园地,https://sltj.sspu.edu.cn/2601/list.htm,0,2026-09-29 21:22:42
数学与统计学院,2602,学生工作,https://sltj.sspu.edu.cn/2602/list.htm,0,2026-09-29 21:22:42
数学与统计学院,2603,下载中心,https://sltj.sspu.edu.cn/2603/list.htm,1,2026-09-29 21:22:42
数学与统计学院,2604,学院新闻,https://sltj.sspu.edu.cn/2604/list.htm,0,2026-09-29 21:22:42
数学与统计学院,2605,学院公告,https://sltj.sspu.edu.cn/2605/list.htm,0,2026-09-29 21:22:42
数学与统计学院,2607,育人园地,https://sltj.sspu.edu.cn/2607/list.htm,0,2026-09-29 21:22:42
数学与统计学院,2608,学院简介,https://sltj.sspu.edu.cn/2608/list.htm,0,2026-09-29 21:22:42
数学与统计学院,2609,学院领导,https://sltj.sspu.edu.cn/2609/list.htm,0,2026-09-29 21:22:42
数学与统计学院,2610,组织架构,https://sltj.sspu.edu.cn/2610/list.htm,0,2026-09-29 21:22:42
数学与统计学院,2611,专门委员会,https://sltj.sspu.edu.cn/2611/list.htm,0,2026-09-29 21:22:42
数学与统计学院,2612,师资概况,https://sltj.sspu.edu.cn/2612/list.htm,0,2026-09-29 21:22:42
数学与统计学院,2613,教师名录,https://sltj.sspu.edu.cn/2613/list.htm,0,2026-09-29 21:22:42
数学与统计学院,2614,系室概述,https://sltj.sspu.edu.cn/2614/list.htm,0,2026-09-29 21:22:42
数学与统计学院,2615,学科概况,https://sltj.sspu.edu.cn/2615/list.htm,0,2026-09-29 21:22:42
数学与统计学院,2616,科研动态,https://sltj.sspu.edu.cn/2616/list.htm,0,2026-09-29 21:22:42
数学与统计学院,2617,科研成果,https://sltj.sspu.edu.cn/2617/list.htm,0,2026-09-29 21:22:42
数学与统计学院,2618,教学动态,https://sltj.sspu.edu.cn/2618/list.htm,0,2026-09-29 21:22:42
数学与统计学院,2619,培养方案,https://sltj.sspu.edu.cn/2619/list.htm,0,2026-09-29 21:22:42
数学与统计学院,2620,教学成果,https://sltj.sspu.edu.cn/2620/list.htm,0,2026-09-29 21:22:42
数学与统计学院,2621,校企合作,https://sltj.sspu.edu.cn/2621/list.htm,0,2026-09-29 21:22:42
数学与统计学院,2622,国际交流,https://sltj.sspu.edu.cn/2622/list.htm,0,2026-09-29 21:22:42
数学与统计学院,2623,党建工作,https://sltj.sspu.edu.cn/2623/list.htm,0,2026-09-29 21:22:42
数学与统计学院,2624,党务公开,https://sltj.sspu.edu.cn/2624/list.htm,0,2026-09-29 21:22:42
数学与统计学院,2625,学工动态,https://sltj.sspu.edu.cn/2625/list.htm,0,2026-09-29 21:22:42
数学与统计学院,2626,党团建设,https://sltj.sspu.edu.cn/2626/list.htm,0,2026-09-29 21:22:42
数学与统计学院,2627,学生风采,https://sltj.sspu.edu.cn/2627/list.htm,0,2026-09-29 21:22:42
数学与统计学院,2628,学生下载区,https://sltj.sspu.edu.cn/2628/list.htm,1,2026-09-29 21:22:42
数学与统计学院,2629,教师下载区,https://sltj.sspu.edu.cn/2629/list.htm,9,2026-09-29 21:22:42
数学与统计学院,xsdt2,学术动态,https://sltj.sspu.edu.cn/xsdt2/list.htm,0,2026-09-29 21:22:42
智能制造与控制工程学院,3984,学院概况,https://imce.sspu.edu.cn/3984/list.htm,0,2026-09-29 21:16:51
智能制造与控制工程学院,3985,党建工作,https://imce.sspu.edu.cn/3985/list.htm,0,2026-09-29 21:16:51
智能制造与控制工程学院,3986,师资队伍,https://imce.sspu.edu.cn/3986/list.htm,0,2026-09-29 21:16:51
智能制造与控制工程学院,3987,人才培养,https://imce.sspu.edu.cn/3987/list.htm,0,2026-09-29 21:16:51
智能制造与控制工程学院,3988,科学研究,https://imce.sspu.edu.cn/3988/list.htm,0,2026-09-29 21:16:51
智能制造与控制工程学院,3990,学生工作,http://imce.sspu.edu.cn/3990/list.htm,0,2026-09-29 21:16:51
智能制造与控制工程学院,3991,合作交流,https://imce.sspu.edu.cn/3991/list.htm,0,2026-09-29 21:16:51
智能制造与控制工程学院,3992,专业认证,http://imce.sspu.edu.cn/3992/list.htm,0,2026-09-29 21:16:51
智能制造与控制工程学院,3993,学院介绍,https://imce.sspu.edu.cn/3993/list.htm,0,2026-09-29 21:16:51
智能制造与控制工程学院,3994,学院领导,https://imce.sspu.edu.cn/3994/list.htm,0,2026-09-29 21:16:51
智能制造与控制工程学院,3995,组织机构,https://imce.sspu.edu.cn/3995/list.htm,0,2026-09-29 21:16:51
智能制造与控制工程学院,3996,党建动态,https://imce.sspu.edu.cn/3996/list.htm,0,2026-09-29 21:16:51
智能制造与控制工程学院,3997,学习之窗,https://imce.sspu.edu.cn/3997/list.htm,0,2026-09-29 21:16:51
智能制造与控制工程学院,3998,师资概况,https://imce.sspu.edu.cn/3998/list.htm,0,2026-09-29 21:16:51
智能制造与控制工程学院,3999,院士及海外名师,https://imce.sspu.edu.cn/3999/list.htm,0,2026-09-29 21:16:51
智能制造与控制工程学院,4002,本科生教育,https://imce.sspu.edu.cn/4002/list.htm,0,2026-09-29 21:16:51
智能制造与控制工程学院,4003,研究生教育,https://imce.sspu.edu.cn/4003/list.htm,0,2026-09-29 21:16:51
智能制造与控制工程学院,4004,高职教育,https://imce.sspu.edu.cn/4004/list.htm,0,2026-09-29 21:16:51
智能制造与控制工程学院,4005,科研概况,https://imce.sspu.edu.cn/4005/list.htm,0,2026-09-29 21:16:51
智能制造与控制工程学院,4006,科研动态,https://imce.sspu.edu.cn/4006/list.htm,0,2026-09-29 21:16:51
智能制造与控制工程学院,4007,实验室简介,https://imce.sspu.edu.cn/4007/list.htm,0,2026-09-29 21:16:51
智能制造与控制工程学院,4008,实验室建设,https://imce.sspu.edu.cn/4008/list.htm,0,2026-09-29 21:16:51
智能制造与控制工程学院,4009,学生工作,http://imce.sspu.edu.cn/4009/list.htm,0,2026-09-29 21:16:51
智能制造与控制工程学院,4010,学生风采,https://imce.sspu.edu.cn/4010/list.htm,0,2026-09-29 21:16:51
智能制造与控制工程学院,4011,国际交流,https://imce.sspu.edu.cn/4011/list.htm,0,2026-09-29 21:16:51
智能制造与控制工程学院,4012,校企合作,https://imce.sspu.edu.cn/4012/list.htm,0,2026-09-29 21:16:51
智能制造与控制工程学院,4013,校友工作,https://imce.sspu.edu.cn/4013/list.htm,0,2026-09-29 21:16:51
智能制造与控制工程学院,4015,了解更多,http://imce.sspu.edu.cn/4015/list.htm,0,2026-09-29 21:16:51
智能制造与控制工程学院,4016,了解更多,http://imce.sspu.edu.cn/4016/list.htm,0,2026-09-29 21:16:51
智能制造与控制工程学院,4017,了解更多,http://imce.sspu.edu.cn/4017/list.htm,1,2026-09-29 21:16:51
智能制造与控制工程学院,4020,招生就业,http://imce.sspu.edu.cn/4020/list.htm,0,2026-09-29 21:16:51
智能制造与控制工程学院,5574,实验室建设,http://imce.sspu.edu.cn/5574/list.htm,0,2026-09-29 21:16:51
智能制造与控制工程学院,6112,专业认证,http://imce.sspu.edu.cn/6112/list.htm,0,2026-09-29 21:16:51
智能制造与控制工程学院,6113,相关文件,https://imce.sspu.edu.cn/6113/list.htm,0,2026-09-29 21:16:51
智能制造与控制工程学院,jsjs,教授介绍,https://imce.sspu.edu.cn/jsjs/list.htm,0,2026-09-29 21:16:51
智能制造与控制工程学院,jsml,教师名录,https://imce.sspu.edu.cn/jsml/list.htm,0,2026-09-29 21:16:51
智能制造与控制工程学院,yqlj,友情链接,https://imce.sspu.edu.cn/yqlj/list.htm,0,2026-09-29 21:16:51
智能医学与健康工程学院,5999,学院概况,https://imhe.sspu.edu.cn/5999/list.htm,0,2026-09-29 21:17:50
智能医学与健康工程学院,6000,院系设置,https://imhe.sspu.edu.cn/6000/list.htm,0,2026-09-29 21:17:50
智能医学与健康工程学院,6003,科研工作,https://imhe.sspu.edu.cn/6003/list.htm,0,2026-09-29 21:17:50
智能医学与健康工程学院,6004,党建工作,https://imhe.sspu.edu.cn/6004/list.htm,0,2026-09-29 21:17:50
智能医学与健康工程学院,6005,培养基地,https://imhe.sspu.edu.cn/6005/list.htm,0,2026-09-29 21:17:50
智能医学与健康工程学院,6006,学院新闻,https://imhe.sspu.edu.cn/6006/list.htm,0,2026-09-29 21:17:50
智能医学与健康工程学院,6007,通知公告,https://imhe.sspu.edu.cn/6007/list.htm,2,2026-09-29 21:17:50
智能医学与健康工程学院,6008,教务信息,https://imhe.sspu.edu.cn/6008/list.htm,0,2026-09-29 21:17:50
智能医学与健康工程学院,6009,科研信息,https://imhe.sspu.edu.cn/6009/list.htm,0,2026-09-29 21:17:50
智能医学与健康工程学院,6010,荣誉榜,https://imhe.sspu.edu.cn/6010/list.htm,0,2026-09-29 21:17:50
智能医学与健康工程学院,6015,学院简介,https://imhe.sspu.edu.cn/6015/list.htm,0,2026-09-29 21:17:50
智能医学与健康工程学院,6016,学院领导,https://imhe.sspu.edu.cn/6016/list.htm,0,2026-09-29 21:17:50
智能医学与健康工程学院,6020,CN,https://imhe.sspu.edu.cn/6020/list.htm,0,2026-09-29 21:17:50
智能医学与健康工程学院,6021,EN,https://imhe.sspu.edu.cn/6021/list.htm,0,2026-09-29 21:17:50
智能医学与健康工程学院,dsdw,导师队伍,https://imhe.sspu.edu.cn/dsdw/list.htm,0,2026-09-29 21:17:50
智能医学与健康工程学院,dzzfc,党组织风采,https://imhe.sspu.edu.cn/dzzfc/list.htm,0,2026-09-29 21:17:50
智能医学与健康工程学院,kydt,科研动态,https://imhe.sspu.edu.cn/kydt/list.htm,0,2026-09-29 21:17:50
智能医学与健康工程学院,kyfx,科研方向,https://imhe.sspu.edu.cn/kyfx/list.htm,0,2026-09-29 21:17:50
智能医学与健康工程学院,kygk,科研概况,https://imhe.sspu.edu.cn/kygk/list.htm,0,2026-09-29 21:17:50
智能医学与健康工程学院,pyfa,研究生培养,http://imhe.sspu.edu.cn/pyfa/list.htm,0,2026-09-29 21:17:50
智能医学与健康工程学院,pygz,培养工作,https://imhe.sspu.edu.cn/pygz/list.htm,0,2026-09-29 21:17:50
智能医学与健康工程学院,szdw,师资队伍,https://imhe.sspu.edu.cn/szdw/list.htm,0,2026-09-29 21:17:50
智能医学与健康工程学院,xkgk,学科建设,http://imhe.sspu.edu.cn/xkgk/list.htm,0,2026-09-29 21:17:50
智能医学与健康工程学院,xsgz,学生工作,https://imhe.sspu.edu.cn/xsgz/list.htm,0,2026-09-29 21:17:50
智能医学与健康工程学院,zzjg,组织机构,https://imhe.sspu.edu.cn/zzjg/list.htm,0,2026-09-29 21:17:50
研究生处,2861,部门概况,https://yjs.sspu.edu.cn/2861/list.htm,0,2026-09-29 19:55:34
研究生处,2862,招生工作,https://yjs.sspu.edu.cn/2862/list.htm,2,2026-09-29 19:55:34
研究生处,2863,培养工作,https://yjs.sspu.edu.cn/2863/list.htm,0,2026-09-29 19:55:34
研究生处,2864,学位工作,https://yjs.sspu.edu.cn/2864/list.htm,0,2026-09-29 19:55:34
研究生处,2865,学籍管理,https://yjs.sspu.edu.cn/2865/list.htm,3,2026-09-29 19:55:34
研究生处,2866,导师工作,https://yjs.sspu.edu.cn/2866/list.htm,0,2026-09-29 19:55:34
研究生处,2867,办事指南,https://yjs.sspu.edu.cn/2867/list.htm,1,2026-09-29 19:55:34
研究生处,2868,信息公开,https://yjs.sspu.edu.cn/2868/list.htm,0,2026-09-29 19:55:34
研究生处,2869,部门简介,https://yjs.sspu.edu.cn/2869/list.htm,0,2026-09-29 19:55:34
研究生处,2870,职能介绍,https://yjs.sspu.edu.cn/2870/list.htm,0,2026-09-29 19:55:34
研究生处,2878,最新通知,https://yjs.sspu.edu.cn/2878/list.htm,0,2026-09-29 19:55:34
研究生处,2879,企业实践,https://yjs.sspu.edu.cn/2879/list.htm,0,2026-09-29 19:55:34
研究生处,2880,培养方案,https://yjs.sspu.edu.cn/2880/list.htm,0,2026-09-29 19:55:34
研究生处,2881,最新通知,https://yjs.sspu.edu.cn/2881/list.htm,0,2026-09-29 19:55:34
研究生处,2882,管理规定,https://yjs.sspu.edu.cn/2882/list.htm,0,2026-09-29 19:55:34
研究生处,2883,最新通知,https://yjs.sspu.edu.cn/2883/list.htm,0,2026-09-29 19:55:34
研究生处,2884,管理规定,https://yjs.sspu.edu.cn/2884/list.htm,3,2026-09-29 19:55:34
研究生处,2885,导师选聘,https://yjs.sspu.edu.cn/2885/list.htm,0,2026-09-29 19:55:34
研究生处,2887,管理文件,https://yjs.sspu.edu.cn/2887/list.htm,1,2026-09-29 19:55:34
研究生处,2888,工作流程,https://yjs.sspu.edu.cn/2888/list.htm,0,2026-09-29 19:55:34
研究生处,2889,招生,https://yjs.sspu.edu.cn/2889/list.htm,0,2026-09-29 19:55:34
研究生处,2890,导师,https://yjs.sspu.edu.cn/2890/list.htm,0,2026-09-29 19:55:34
研究生处,2891,学位,https://yjs.sspu.edu.cn/2891/list.htm,2,2026-09-29 19:55:34
研究生处,2892,培养,https://yjs.sspu.edu.cn/2892/list.htm,0,2026-09-29 19:55:34
研究生处,2893,其他,https://yjs.sspu.edu.cn/2893/list.htm,0,2026-09-29 19:55:34
研究生处,2894,学籍,https://yjs.sspu.edu.cn/2894/list.htm,0,2026-09-29 19:55:34
研究生处,2897,More>>,https://yjs.sspu.edu.cn/2897/list.htm,0,2026-09-29 19:55:34
研究生处,5919,硕士招生简章,https://yjs.sspu.edu.cn/5919/list.htm,0,2026-09-29 19:55:34
研究生处,5920,硕士招生目录,https://yjs.sspu.edu.cn/5920/list.htm,0,2026-09-29 19:55:34
研究生处,5921,硕士招生信息,https://yjs.sspu.edu.cn/5921/list.htm,2,2026-09-29 19:55:34
研究生处,5922,考点通知公告,https://yjs.sspu.edu.cn/5922/list.htm,2,2026-09-29 19:55:34
研究生处,5923,上级政策法规,https://yjs.sspu.edu.cn/5923/list.htm,3,2026-09-29 19:55:34
研究生处,5924,More>>,https://yjs.sspu.edu.cn/5924/list.htm,0,2026-09-29 19:55:34
研究生处,5925,More>>,https://yjs.sspu.edu.cn/5925/list.htm,0,2026-09-29 19:55:34
研究生处,5926,More>>,https://yjs.sspu.edu.cn/5926/list.htm,0,2026-09-29 19:55:34
研究生处,_s59/5919,2025-10-27硕士招生简章,https://yjs.sspu.edu.cn/_s59/5919/list.psp,0,2026-09-29 19:55:34
研究生处,_s59/5920,2026-09-29硕士招生目录,https://yjs.sspu.edu.cn/_s59/5920/list.psp,0,2026-09-29 19:55:34
研究生处,_s59/5921,2026-09-29硕士招生信息,https://yjs.sspu.edu.cn/_s59/5921/list.psp,2,2026-09-29 19:55:34
研究生处,_s59/5922,2025-10-27考点通知公告,https://yjs.sspu.edu.cn/_s59/5922/list.psp,2,2026-09-29 19:55:34
研究生处,_s59/5923,2025-10-27上级政策法规,https://yjs.sspu.edu.cn/_s59/5923/list.psp,3,2026-09-29 19:55:34
研究生处,zxtz,最新通知,https://yjs.sspu.edu.cn/zxtz/list.htm,0,2026-09-29 19:55:34
科研处,872,部门概况,https://kyc.sspu.edu.cn/872/list.htm,0,2026-09-29 21:12:59
科研处,873,科研信息,https://kyc.sspu.edu.cn/873/list.htm,0,2026-09-29 21:12:59
科研处,874,科研公告,https://kyc.sspu.edu.cn/874/list.htm,0,2026-09-29 21:12:59
科研处,875,学科建设,https://kyc.sspu.edu.cn/875/list.htm,0,2026-09-29 21:12:59
科研处,876,技术转移,https://kyc.sspu.edu.cn/876/list.htm,0,2026-09-29 21:12:59
科研处,877,科技风采,https://kyc.sspu.edu.cn/877/list.htm,0,2026-09-29 21:12:59
科研处,878,管理文件,https://kyc.sspu.edu.cn/878/list.htm,2,2026-09-29 21:12:59
科研处,879,表格下载,https://kyc.sspu.edu.cn/879/list.htm,1,2026-09-29 21:12:59
科研处,880,信息公开,https://kyc.sspu.edu.cn/880/list.htm,0,2026-09-29 21:12:59
科研处,_s35/873,科研信息,https://kyc.sspu.edu.cn/_s35/873/list.psp,0,2026-09-29 21:12:59
科研处,_s35/930,核心期刊,https://kyc.sspu.edu.cn/_s35/930/list.psp,0,2026-09-29 21:12:59
科研处,_s35/931,新闻动态,https://kyc.sspu.edu.cn/_s35/931/list.psp,0,2026-09-29 21:12:59
科研处,_s35/950,下载链接,https://kyc.sspu.edu.cn/_s35/950/list.psp,0,2026-09-29 21:12:59
科研处,_s35/kycgxx,科研成果喜讯,https://kyc.sspu.edu.cn/_s35/kycgxx/list.psp,0,2026-09-29 21:12:59
科研处,_s35/kygg,科研公告,https://kyc.sspu.edu.cn/_s35/kygg/list.psp,0,2026-09-29 21:12:59
经济与管理学院,1030,学院概况,https://jjglxy.sspu.edu.cn/1030/list.htm,0,2026-09-29 21:18:29
经济与管理学院,1035,学生工作,https://jjglxy.sspu.edu.cn/1035/list.htm,0,2026-09-29 21:18:29
经济与管理学院,1037,ACBSP,https://jjglxy.sspu.edu.cn/1037/list.htm,0,2026-09-29 21:18:29
经济与管理学院,1083,学院动态,https://jjglxy.sspu.edu.cn/1083/list.htm,0,2026-09-29 21:18:29
经济与管理学院,1084,通知公告,https://jjglxy.sspu.edu.cn/1084/list.htm,0,2026-09-29 21:18:29
经济与管理学院,5197,本科生教育,https://jjglxy.sspu.edu.cn/5197/list.htm,0,2026-09-29 21:18:29
经济与管理学院,5198,研究生教育,https://jjglxy.sspu.edu.cn/5198/list.htm,0,2026-09-29 21:18:29
经济与管理学院,5199,科学研究,https://jjglxy.sspu.edu.cn/5199/list.htm,0,2026-09-29 21:18:29
经济与管理学院,5200,党建工作,https://jjglxy.sspu.edu.cn/5200/list.htm,0,2026-09-29 21:18:29
经济与管理学院,5201,对外交流,https://jjglxy.sspu.edu.cn/5201/list.htm,0,2026-09-29 21:18:29
经济与管理学院,5204,党建引领,https://jjglxy.sspu.edu.cn/5204/list.htm,0,2026-09-29 21:18:29
经济与管理学院,5205,育人园地,https://jjglxy.sspu.edu.cn/5205/list.htm,0,2026-09-29 21:18:29
经济与管理学院,5907,数智供应链质量基础设施“一站式”服务基地,http://jjglxy.sspu.edu.cn/5907/list.htm,0,2026-09-29 21:18:29
经济与管理学院,mtsj,媒体视角,https://jjglxy.sspu.edu.cn/mtsj/list.htm,0,2026-09-29 21:18:29
经济与管理学院,shsbzhcxzx,上海市标准化创新中心（物流）,http://jjglxy.sspu.edu.cn/shsbzhcxzx/list.htm,0,2026-09-29 21:18:29
经济与管理学院,shsnxwlygylxtcxzx,上海市逆向物流与供应链协同创新中心,http://jjglxy.sspu.edu.cn/shsnxwlygylxtcxzx/list.htm,0,2026-09-29 21:18:29
经济与管理学院,szdw,师资队伍,https://jjglxy.sspu.edu.cn/szdw/list.htm,0,2026-09-29 21:18:29
职业技术教师教育学院,2902,学院概况,https://stes.sspu.edu.cn/2902/list.htm,0,2026-09-29 21:23:36
职业技术教师教育学院,2903,新闻动态,https://stes.sspu.edu.cn/2903/list.htm,0,2026-09-29 21:23:36
职业技术教师教育学院,2904,师资队伍（旧）,https://stes.sspu.edu.cn/2904/list.htm,0,2026-09-29 21:23:36
职业技术教师教育学院,2905,党建工会,https://stes.sspu.edu.cn/2905/list.htm,0,2026-09-29 21:23:36
职业技术教师教育学院,2908,学术科研,https://stes.sspu.edu.cn/2908/list.htm,0,2026-09-29 21:23:36
职业技术教师教育学院,2909,师资培训,https://stes.sspu.edu.cn/2909/list.htm,0,2026-09-29 21:23:36
职业技术教师教育学院,2910,学生工作,https://stes.sspu.edu.cn/2910/list.htm,0,2026-09-29 21:23:36
职业技术教师教育学院,2911,联系我们,https://stes.sspu.edu.cn/2911/list.htm,0,2026-09-29 21:23:36
职业技术教师教育学院,2912,学院简介,https://stes.sspu.edu.cn/2912/list.htm,0,2026-09-29 21:23:36
职业技术教师教育学院,2913,学院领导,https://stes.sspu.edu.cn/2913/list.htm,0,2026-09-29 21:23:36
职业技术教师教育学院,2916,合作交流,http://stes.sspu.edu.cn/2916/list.htm,0,2026-09-29 21:23:36
职业技术教师教育学院,2917,校企合作,https://stes.sspu.edu.cn/2917/list.htm,0,2026-09-29 21:23:36
职业技术教师教育学院,2918,国际交流,https://stes.sspu.edu.cn/2918/list.htm,0,2026-09-29 21:23:36
职业技术教师教育学院,2919,研究生培养,http://stes.sspu.edu.cn/2919/list.htm,0,2026-09-29 21:23:36
职业技术教师教育学院,2920,专业设置,https://stes.sspu.edu.cn/2920/list.htm,0,2026-09-29 21:23:36
职业技术教师教育学院,2921,培养方案,https://stes.sspu.edu.cn/2921/list.htm,0,2026-09-29 21:23:36
职业技术教师教育学院,2922,研究生导师,https://stes.sspu.edu.cn/2922/list.htm,0,2026-09-29 21:23:36
职业技术教师教育学院,2923,学术活动,https://stes.sspu.edu.cn/2923/list.htm,0,2026-09-29 21:23:36
职业技术教师教育学院,2924,科研成果,https://stes.sspu.edu.cn/2924/list.htm,0,2026-09-29 21:23:36
职业技术教师教育学院,2925,学科建设,https://stes.sspu.edu.cn/2925/list.htm,0,2026-09-29 21:23:36
职业技术教师教育学院,2926,学工动态,https://stes.sspu.edu.cn/2926/list.htm,0,2026-09-29 21:23:36
职业技术教师教育学院,2929,招生就业,https://stes.sspu.edu.cn/2929/list.htm,0,2026-09-29 21:23:36
职业技术教师教育学院,2930,通知公告,https://stes.sspu.edu.cn/2930/list.htm,1,2026-09-29 21:23:36
职业技术教师教育学院,2931,查看全部 +,https://stes.sspu.edu.cn/2931/list.htm,0,2026-09-29 21:23:36
职业技术教师教育学院,3793,培训动态,https://stes.sspu.edu.cn/3793/list.htm,0,2026-09-29 21:23:36
职业技术教师教育学院,3794,国家级职业教育双师型教师培训基地,https://stes.sspu.edu.cn/3794/list.htm,0,2026-09-29 21:23:36
职业技术教师教育学院,3795,国家级职业学校校长培训基地,https://stes.sspu.edu.cn/3795/list.htm,0,2026-09-29 21:23:36
职业技术教师教育学院,szdw2,师资队伍,https://stes.sspu.edu.cn/szdw2/list.htm,0,2026-09-29 21:23:36
能源与材料学院,101,学院简介,https://sem.sspu.edu.cn/101/list.htm,0,2026-09-29 21:20:49
能源与材料学院,102,现任领导,https://sem.sspu.edu.cn/102/list.htm,0,2026-09-29 21:20:49
能源与材料学院,141,查看全部,https://sem.sspu.edu.cn/141/list.htm,1,2026-09-29 21:20:49
能源与材料学院,143,查看全部,https://sem.sspu.edu.cn/143/list.htm,0,2026-09-29 21:20:49
能源与材料学院,155,查看全部,https://sem.sspu.edu.cn/155/list.htm,0,2026-09-29 21:20:49
能源与材料学院,156,查看全部,https://sem.sspu.edu.cn/156/list.htm,0,2026-09-29 21:20:49
能源与材料学院,157,查看全部,https://sem.sspu.edu.cn/157/list.htm,0,2026-09-29 21:20:49
能源与材料学院,5765,人才培养,https://sem.sspu.edu.cn/5765/list.htm,0,2026-09-29 21:20:49
能源与材料学院,5766,实验室建设,https://sem.sspu.edu.cn/5766/list.htm,0,2026-09-29 21:20:49
能源与材料学院,5767,学生工作,https://sem.sspu.edu.cn/5767/list.htm,1,2026-09-29 21:20:49
能源与材料学院,5768,合作交流,https://sem.sspu.edu.cn/5768/list.htm,0,2026-09-29 21:20:49
能源与材料学院,5774,查看全部,https://sem.sspu.edu.cn/5774/list.htm,0,2026-09-29 21:20:49
能源与材料学院,5780,本科生教育,https://sem.sspu.edu.cn/5780/list.htm,0,2026-09-29 21:20:49
能源与材料学院,5781,研究生教育,https://sem.sspu.edu.cn/5781/list.htm,0,2026-09-29 21:20:49
能源与材料学院,5783,培养方案,https://sem.sspu.edu.cn/5783/list.htm,0,2026-09-29 21:20:49
能源与材料学院,5784,微专业,https://sem.sspu.edu.cn/5784/list.htm,0,2026-09-29 21:20:49
能源与材料学院,5785,教学规章制度,https://sem.sspu.edu.cn/5785/list.htm,0,2026-09-29 21:20:49
能源与材料学院,5787,教学动态,https://sem.sspu.edu.cn/5787/list.htm,0,2026-09-29 21:20:49
能源与材料学院,5788,培养方案,https://sem.sspu.edu.cn/5788/list.htm,0,2026-09-29 21:20:49
能源与材料学院,5792,实验室简介,https://sem.sspu.edu.cn/5792/list.htm,0,2026-09-29 21:20:49
能源与材料学院,5793,实验室建设,https://sem.sspu.edu.cn/5793/list.htm,0,2026-09-29 21:20:49
能源与材料学院,5794,实验室动态,https://sem.sspu.edu.cn/5794/list.htm,0,2026-09-29 21:20:49
能源与材料学院,5795,规章制度,https://sem.sspu.edu.cn/5795/list.htm,6,2026-09-29 21:20:49
能源与材料学院,5796,党团活动,https://sem.sspu.edu.cn/5796/list.htm,1,2026-09-29 21:20:49
能源与材料学院,5797,学生风采,https://sem.sspu.edu.cn/5797/list.htm,0,2026-09-29 21:20:49
能源与材料学院,5798,校企合作,https://sem.sspu.edu.cn/5798/list.htm,0,2026-09-29 21:20:49
能源与材料学院,5799,校友工作,https://sem.sspu.edu.cn/5799/list.htm,0,2026-09-29 21:20:49
能源与材料学院,5800,国际交流,https://sem.sspu.edu.cn/5800/list.htm,0,2026-09-29 21:20:49
能源与材料学院,5803,党建工作,https://sem.sspu.edu.cn/5803/list.htm,0,2026-09-29 21:20:49
能源与材料学院,5804,师资队伍,https://sem.sspu.edu.cn/5804/list.htm,0,2026-09-29 21:20:49
能源与材料学院,5805,科学研究,https://sem.sspu.edu.cn/5805/list.htm,0,2026-09-29 21:20:49
能源与材料学院,5806,党建动态,https://sem.sspu.edu.cn/5806/list.htm,0,2026-09-29 21:20:49
能源与材料学院,5807,学习之窗,https://sem.sspu.edu.cn/5807/list.htm,1,2026-09-29 21:20:49
能源与材料学院,5808,师资概况,https://sem.sspu.edu.cn/5808/list.htm,0,2026-09-29 21:20:49
能源与材料学院,5809,特聘专家,https://sem.sspu.edu.cn/5809/list.htm,0,2026-09-29 21:20:49
能源与材料学院,5810,教授介绍,https://sem.sspu.edu.cn/5810/list.htm,0,2026-09-29 21:20:49
能源与材料学院,5811,教师名录,https://sem.sspu.edu.cn/5811/list.htm,0,2026-09-29 21:20:49
能源与材料学院,5817,科研概况,https://sem.sspu.edu.cn/5817/list.htm,0,2026-09-29 21:20:49
能源与材料学院,5818,科研动态,https://sem.sspu.edu.cn/5818/list.htm,0,2026-09-29 21:20:49
能源与材料学院,dsdw,导师队伍,https://sem.sspu.edu.cn/dsdw/list.htm,0,2026-09-29 21:20:49
能源与材料学院,xyyjxx_6114,学院意见信箱,https://sem.sspu.edu.cn/xyyjxx_6114/list.htm,0,2026-09-29 21:20:49
艺术与设计学院,2729,学院概况,https://design.sspu.edu.cn/2729/list.htm,0,2026-09-29 21:16:01
艺术与设计学院,2730,专业介绍,https://design.sspu.edu.cn/2730/list.htm,0,2026-09-29 21:16:01
艺术与设计学院,2731,招生就业,https://design.sspu.edu.cn/2731/list.htm,0,2026-09-29 21:16:01
艺术与设计学院,2732,教学科研,https://design.sspu.edu.cn/2732/list.htm,0,2026-09-29 21:16:01
艺术与设计学院,2733,作品成果,https://design.sspu.edu.cn/2733/list.htm,0,2026-09-29 21:16:01
艺术与设计学院,2734,学生天地,https://design.sspu.edu.cn/2734/list.htm,0,2026-09-29 21:16:01
艺术与设计学院,2735,党务公开,https://design.sspu.edu.cn/2735/list.htm,0,2026-09-29 21:16:01
艺术与设计学院,2738,MORE,https://design.sspu.edu.cn/2738/list.htm,0,2026-09-29 21:16:01
艺术与设计学院,2741,学院简介,https://design.sspu.edu.cn/2741/list.htm,0,2026-09-29 21:16:01
艺术与设计学院,2742,师资介绍,https://design.sspu.edu.cn/2742/list.htm,0,2026-09-29 21:16:01
艺术与设计学院,2743,机构设置,https://design.sspu.edu.cn/2743/list.htm,0,2026-09-29 21:16:01
艺术与设计学院,2744,教学环境,https://design.sspu.edu.cn/2744/list.htm,0,2026-09-29 21:16:01
艺术与设计学院,2745,联系方式,https://design.sspu.edu.cn/2745/list.htm,0,2026-09-29 21:16:01
艺术与设计学院,2746,视觉传达,https://design.sspu.edu.cn/2746/list.htm,0,2026-09-29 21:16:01
艺术与设计学院,2747,工业设计,https://design.sspu.edu.cn/2747/list.htm,0,2026-09-29 21:16:01
艺术与设计学院,2748,产品设计,https://design.sspu.edu.cn/2748/list.htm,0,2026-09-29 21:16:01
艺术与设计学院,2749,环境设计,https://design.sspu.edu.cn/2749/list.htm,0,2026-09-29 21:16:01
艺术与设计学院,2750,数字媒体,https://design.sspu.edu.cn/2750/list.htm,0,2026-09-29 21:16:01
艺术与设计学院,2751,研究生招生,https://design.sspu.edu.cn/2751/list.htm,0,2026-09-29 21:16:01
艺术与设计学院,2752,就业信息,https://design.sspu.edu.cn/2752/list.htm,0,2026-09-29 21:16:01
艺术与设计学院,2753,招聘信息,https://design.sspu.edu.cn/2753/list.htm,0,2026-09-29 21:16:01
艺术与设计学院,2755,学术交流,https://design.sspu.edu.cn/2755/list.htm,0,2026-09-29 21:16:01
艺术与设计学院,2756,校企合作,https://design.sspu.edu.cn/2756/list.htm,0,2026-09-29 21:16:01
艺术与设计学院,2758,竞赛获奖,https://design.sspu.edu.cn/2758/list.htm,0,2026-09-29 21:16:01
艺术与设计学院,2759,毕业设计,https://design.sspu.edu.cn/2759/list.htm,0,2026-09-29 21:16:01
艺术与设计学院,2761,通知公告,https://design.sspu.edu.cn/2761/list.htm,0,2026-09-29 21:16:01
艺术与设计学院,2762,团学活动,https://design.sspu.edu.cn/2762/list.htm,0,2026-09-29 21:16:01
艺术与设计学院,2763,社会实践,https://design.sspu.edu.cn/2763/list.htm,0,2026-09-29 21:16:01
艺术与设计学院,2764,学生风采,https://design.sspu.edu.cn/2764/list.htm,0,2026-09-29 21:16:01
艺术与设计学院,2766,国（境）外交...,https://design.sspu.edu.cn/2766/list.htm,0,2026-09-29 21:16:01
艺术与设计学院,bgxz,表格下载,https://design.sspu.edu.cn/bgxz/list.htm,0,2026-09-29 21:16:01
艺术与设计学院,dsjy,党建活动,https://design.sspu.edu.cn/dsjy/list.htm,0,2026-09-29 21:16:01
艺术教育中心,350,中心简介,https://education.sspu.edu.cn/350/list.htm,0,2026-09-29 21:15:16
艺术教育中心,351,新闻动态,https://education.sspu.edu.cn/351/list.htm,0,2026-09-29 21:15:16
艺术教育中心,352,艺术社团,https://education.sspu.edu.cn/352/list.htm,0,2026-09-29 21:15:16
艺术教育中心,353,教学科研,https://education.sspu.edu.cn/353/list.htm,0,2026-09-29 21:15:16
艺术教育中心,354,讲座演出,https://education.sspu.edu.cn/354/list.htm,0,2026-09-29 21:15:16
艺术教育中心,355,资料下载,https://education.sspu.edu.cn/355/list.htm,0,2026-09-29 21:15:16
艺术教育中心,356,联系我们,https://education.sspu.edu.cn/356/list.htm,0,2026-09-29 21:15:16
艺术教育中心,357,公告,http://education.sspu.edu.cn/357/list.htm,0,2026-09-29 21:15:16
艺术教育中心,359,社团介绍,https://education.sspu.edu.cn/359/list.htm,0,2026-09-29 21:15:16
艺术教育中心,360,社团招新,https://education.sspu.edu.cn/360/list.htm,0,2026-09-29 21:15:16
艺术教育中心,361,师资队伍,https://education.sspu.edu.cn/361/list.htm,0,2026-09-29 21:15:16
艺术教育中心,362,课程简介,https://education.sspu.edu.cn/362/list.htm,0,2026-09-29 21:15:16
艺术教育中心,363,学术科研,https://education.sspu.edu.cn/363/list.htm,0,2026-09-29 21:15:16
计算机与信息工程学院,1206,学院概况,https://jxxy.sspu.edu.cn/1206/list.htm,0,2026-09-29 21:18:57
计算机与信息工程学院,1207,人才培养,https://jxxy.sspu.edu.cn/1207/list.htm,0,2026-09-29 21:18:57
计算机与信息工程学院,1208,科学研究,https://jxxy.sspu.edu.cn/1208/list.htm,0,2026-09-29 21:18:57
计算机与信息工程学院,1209,社会服务,https://jxxy.sspu.edu.cn/1209/list.htm,0,2026-09-29 21:18:57
计算机与信息工程学院,1210,教师工作,https://jxxy.sspu.edu.cn/1210/list.htm,0,2026-09-29 21:18:57
计算机与信息工程学院,1211,学生工作,https://jxxy.sspu.edu.cn/1211/list.htm,1,2026-09-29 21:18:57
计算机与信息工程学院,1212,校友工作,https://jxxy.sspu.edu.cn/1212/list.htm,0,2026-09-29 21:18:57
计算机与信息工程学院,1216,工作动态,https://jxxy.sspu.edu.cn/1216/list.htm,0,2026-09-29 21:18:57
计算机与信息工程学院,1218,学院介绍,https://jxxy.sspu.edu.cn/1218/list.htm,0,2026-09-29 21:18:57
计算机与信息工程学院,1219,组织结构,https://jxxy.sspu.edu.cn/1219/list.htm,0,2026-09-29 21:18:57
计算机与信息工程学院,1220,治理结构,https://jxxy.sspu.edu.cn/1220/list.htm,0,2026-09-29 21:18:57
计算机与信息工程学院,2039,本科生培养,https://jxxy.sspu.edu.cn/2039/list.htm,0,2026-09-29 21:18:57
计算机与信息工程学院,2040,研究生培养,https://jxxy.sspu.edu.cn/2040/list.htm,0,2026-09-29 21:18:57
计算机与信息工程学院,2042,课程建设,https://jxxy.sspu.edu.cn/2042/list.htm,0,2026-09-29 21:18:57
计算机与信息工程学院,2043,实验中心,https://jxxy.sspu.edu.cn/2043/list.htm,0,2026-09-29 21:18:57
计算机与信息工程学院,2044,海外交流,https://jxxy.sspu.edu.cn/2044/list.htm,0,2026-09-29 21:18:57
计算机与信息工程学院,2045,教学成果,https://jxxy.sspu.edu.cn/2045/list.htm,0,2026-09-29 21:18:57
计算机与信息工程学院,2046,导师信息,https://jxxy.sspu.edu.cn/2046/list.htm,0,2026-09-29 21:18:57
计算机与信息工程学院,2054,学科建设,https://jxxy.sspu.edu.cn/2054/list.htm,0,2026-09-29 21:18:57
计算机与信息工程学院,2055,学科基地,https://jxxy.sspu.edu.cn/2055/list.htm,0,2026-09-29 21:18:57
计算机与信息工程学院,2056,科研成果,https://jxxy.sspu.edu.cn/2056/list.htm,0,2026-09-29 21:18:57
计算机与信息工程学院,2057,科技服务,https://jxxy.sspu.edu.cn/2057/list.htm,0,2026-09-29 21:18:57
计算机与信息工程学院,2058,社会培训,https://jxxy.sspu.edu.cn/2058/list.htm,0,2026-09-29 21:18:57
计算机与信息工程学院,2059,师资招聘,https://jxxy.sspu.edu.cn/2059/list.htm,0,2026-09-29 21:18:57
计算机与信息工程学院,2061,师资队伍,https://jxxy.sspu.edu.cn/2061/list.htm,0,2026-09-29 21:18:57
计算机与信息工程学院,2062,党建工作,https://jxxy.sspu.edu.cn/2062/list.htm,1,2026-09-29 21:18:57
计算机与信息工程学院,2063,师德师风,https://jxxy.sspu.edu.cn/2063/list.htm,0,2026-09-29 21:18:57
计算机与信息工程学院,2064,人事工作,https://jxxy.sspu.edu.cn/2064/list.htm,0,2026-09-29 21:18:57
计算机与信息工程学院,2065,教学工作,https://jxxy.sspu.edu.cn/2065/list.htm,0,2026-09-29 21:18:57
计算机与信息工程学院,2066,科研工作,https://jxxy.sspu.edu.cn/2066/list.htm,0,2026-09-29 21:18:57
计算机与信息工程学院,2068,工作通知,https://jxxy.sspu.edu.cn/2068/list.htm,0,2026-09-29 21:18:57
计算机与信息工程学院,2069,活动预告,https://jxxy.sspu.edu.cn/2069/list.htm,0,2026-09-29 21:18:57
计算机与信息工程学院,2070,公告公示,https://jxxy.sspu.edu.cn/2070/list.htm,0,2026-09-29 21:18:57
计算机与信息工程学院,2075,党团建设,https://jxxy.sspu.edu.cn/2075/list.htm,1,2026-09-29 21:18:57
计算机与信息工程学院,2084,工作通知,https://jxxy.sspu.edu.cn/2084/list.htm,0,2026-09-29 21:18:57
计算机与信息工程学院,2085,活动预告,https://jxxy.sspu.edu.cn/2085/list.htm,0,2026-09-29 21:18:57
计算机与信息工程学院,2086,公告公示,https://jxxy.sspu.edu.cn/2086/list.htm,0,2026-09-29 21:18:57
计算机与信息工程学院,3274,校友会分会,https://jxxy.sspu.edu.cn/3274/list.htm,0,2026-09-29 21:18:57
计算机与信息工程学院,3276,校友风采,https://jxxy.sspu.edu.cn/3276/list.htm,0,2026-09-29 21:18:57
计算机与信息工程学院,3278,优秀毕业生,https://jxxy.sspu.edu.cn/3278/list.htm,0,2026-09-29 21:18:57
计算机与信息工程学院,xshd,学生活动,https://jxxy.sspu.edu.cn/xshd/list.htm,0,2026-09-29 21:18:57
计算机与信息工程学院,zksjy,高职教育,https://jxxy.sspu.edu.cn/zksjy/list.htm,0,2026-09-29 21:18:57
语言与文化传播学院,3797,辅导答疑,http://wywh.sspu.edu.cn/3797/list.htm,0,2026-09-29 21:24:20
语言与文化传播学院,3798,学生专区,http://wywh.sspu.edu.cn/3798/list.htm,1,2026-09-29 21:24:20
语言与文化传播学院,3799,友情链接,http://wywh.sspu.edu.cn/3799/list.htm,0,2026-09-29 21:24:20
语言与文化传播学院,521,学院概况,https://wywh.sspu.edu.cn/521/list.htm,0,2026-09-29 21:24:20
语言与文化传播学院,523,科学研究,https://wywh.sspu.edu.cn/523/list.htm,0,2026-09-29 21:24:20
语言与文化传播学院,524,合作交流,https://wywh.sspu.edu.cn/524/list.htm,0,2026-09-29 21:24:20
语言与文化传播学院,526,外文校友,https://wywh.sspu.edu.cn/526/list.htm,0,2026-09-29 21:24:20
语言与文化传播学院,527,MORE,https://wywh.sspu.edu.cn/527/list.htm,0,2026-09-29 21:24:20
语言与文化传播学院,528,MORE,https://wywh.sspu.edu.cn/528/list.htm,0,2026-09-29 21:24:20
语言与文化传播学院,529,MORE,https://wywh.sspu.edu.cn/529/list.htm,0,2026-09-29 21:24:20
语言与文化传播学院,531,院长寄语,https://wywh.sspu.edu.cn/531/list.htm,0,2026-09-29 21:24:20
语言与文化传播学院,532,学院机构,https://wywh.sspu.edu.cn/532/list.htm,0,2026-09-29 21:24:20
语言与文化传播学院,533,学院领导,https://wywh.sspu.edu.cn/533/list.htm,0,2026-09-29 21:24:20
语言与文化传播学院,534,名誉院长,https://wywh.sspu.edu.cn/534/list.htm,0,2026-09-29 21:24:20
语言与文化传播学院,535,学院师资,https://wywh.sspu.edu.cn/535/list.htm,0,2026-09-29 21:24:20
语言与文化传播学院,537,人才培养,http://wywh.sspu.edu.cn/537/list.htm,0,2026-09-29 21:24:20
语言与文化传播学院,538,基础教学,https://wywh.sspu.edu.cn/538/list.htm,0,2026-09-29 21:24:20
语言与文化传播学院,539,通识教育,https://wywh.sspu.edu.cn/539/list.htm,0,2026-09-29 21:24:20
语言与文化传播学院,540,教学成果,https://wywh.sspu.edu.cn/540/list.htm,0,2026-09-29 21:24:20
语言与文化传播学院,542,校友风采,https://wywh.sspu.edu.cn/542/list.htm,0,2026-09-29 21:24:20
语言与文化传播学院,543,校友影像,https://wywh.sspu.edu.cn/543/list.htm,0,2026-09-29 21:24:20
语言与文化传播学院,619,科技翻译系,https://wywh.sspu.edu.cn/619/list.htm,0,2026-09-29 21:24:20
语言与文化传播学院,620,英语系,https://wywh.sspu.edu.cn/620/list.htm,0,2026-09-29 21:24:20
语言与文化传播学院,621,语言智能系,https://wywh.sspu.edu.cn/621/list.htm,0,2026-09-29 21:24:20
语言与文化传播学院,622,公共关系学系,https://wywh.sspu.edu.cn/622/list.htm,0,2026-09-29 21:24:20
语言与文化传播学院,623,大学英语教学...,https://wywh.sspu.edu.cn/623/list.htm,0,2026-09-29 21:24:20
语言与文化传播学院,fyzs,翻译专硕,https://wywh.sspu.edu.cn/fyzs/list.htm,0,2026-09-29 21:24:20
语言与文化传播学院,gjzwjyx,国际中文教育...,https://wywh.sspu.edu.cn/gjzwjyx/list.htm,0,2026-09-29 21:24:20
语言与文化传播学院,gjzwjyzs,国际中文教育...,https://wywh.sspu.edu.cn/gjzwjyzs/list.htm,0,2026-09-29 21:24:20
语言与文化传播学院,jzxx,MORE,https://wywh.sspu.edu.cn/jzxx/list.htm,0,2026-09-29 21:24:20
语言与文化传播学院,kycg,科研成果,https://wywh.sspu.edu.cn/kycg/list.htm,0,2026-09-29 21:24:20
语言与文化传播学院,qygbx,区域国别系,https://wywh.sspu.edu.cn/qygbx/list.htm,0,2026-09-29 21:24:20
语言与文化传播学院,yjsjy,研究生教育,https://wywh.sspu.edu.cn/yjsjy/list.htm,0,2026-09-29 21:24:20
财务处,1234,处室概况,https://cwc.sspu.edu.cn/1234/list.htm,0,2026-09-29 19:54:08
财务处,1235,政策法规,https://cwc.sspu.edu.cn/1235/list.htm,9,2026-09-29 19:54:08
财务处,1236,信息公开,https://cwc.sspu.edu.cn/1236/list.htm,6,2026-09-29 19:54:08
财务处,1237,收费项目标准,https://cwc.sspu.edu.cn/1237/list.htm,0,2026-09-29 19:54:08
财务处,1238,通知公告,https://cwc.sspu.edu.cn/1238/list.htm,1,2026-09-29 19:54:08
财务处,1239,处室建设,https://cwc.sspu.edu.cn/1239/list.htm,0,2026-09-29 19:54:08
财务处,1240,工作业务流程,https://cwc.sspu.edu.cn/1240/list.htm,0,2026-09-29 19:54:08
财务处,1242,部门简介,https://cwc.sspu.edu.cn/1242/list.htm,0,2026-09-29 19:54:08
财务处,1243,机构设置,https://cwc.sspu.edu.cn/1243/list.htm,0,2026-09-29 19:54:08
财务处,1244,国家制度,https://cwc.sspu.edu.cn/1244/list.htm,10,2026-09-29 19:54:08
财务处,1245,营改增学习专栏,https://cwc.sspu.edu.cn/1245/list.htm,0,2026-09-29 19:54:08
财务处,1246,财务管理制度,https://cwc.sspu.edu.cn/1246/list.htm,2,2026-09-29 19:54:08
财务处,1247,教育收费,https://cwc.sspu.edu.cn/1247/list.htm,0,2026-09-29 19:54:08
财务处,1248,学校经费来源,https://cwc.sspu.edu.cn/1248/list.htm,0,2026-09-29 19:54:08
财务处,1249,年度经费预决算方案,https://cwc.sspu.edu.cn/1249/list.htm,0,2026-09-29 19:54:08
财务处,1250,财政性资金的使用,https://cwc.sspu.edu.cn/1250/list.htm,3,2026-09-29 19:54:08
财务处,1251,受捐赠财产的使用与管理,https://cwc.sspu.edu.cn/1251/list.htm,1,2026-09-29 19:54:08
财务处,1252,工作安排,https://cwc.sspu.edu.cn/1252/list.htm,0,2026-09-29 19:54:08
财务处,1253,活动风采,https://cwc.sspu.edu.cn/1253/list.htm,0,2026-09-29 19:54:08
财务处,1254,业务流程,https://cwc.sspu.edu.cn/1254/list.htm,0,2026-09-29 19:54:08
财务处,1255,常见问题,https://cwc.sspu.edu.cn/1255/list.htm,0,2026-09-29 19:54:08
资源与环境工程学院,2216,学院概况,https://zihuan.sspu.edu.cn/2216/list.htm,0,2026-09-29 21:25:12
资源与环境工程学院,2217,学院动态,https://zihuan.sspu.edu.cn/2217/list.htm,0,2026-09-29 21:25:12
资源与环境工程学院,2218,师资队伍,https://zihuan.sspu.edu.cn/2218/list.htm,0,2026-09-29 21:25:12
资源与环境工程学院,2219,人才培养,https://zihuan.sspu.edu.cn/2219/list.htm,0,2026-09-29 21:25:12
资源与环境工程学院,2220,科研与服务,https://zihuan.sspu.edu.cn/2220/list.htm,0,2026-09-29 21:25:12
资源与环境工程学院,2221,党建思政,https://zihuan.sspu.edu.cn/2221/list.htm,0,2026-09-29 21:25:12
资源与环境工程学院,2225,学院简介,https://zihuan.sspu.edu.cn/2225/list.htm,0,2026-09-29 21:25:12
资源与环境工程学院,2226,学院领导,https://zihuan.sspu.edu.cn/2226/list.htm,0,2026-09-29 21:25:12
资源与环境工程学院,2227,组织机构,https://zihuan.sspu.edu.cn/2227/list.htm,0,2026-09-29 21:25:12
资源与环境工程学院,2228,联系我们,https://zihuan.sspu.edu.cn/2228/list.htm,0,2026-09-29 21:25:12
资源与环境工程学院,2229,新闻资讯,https://zihuan.sspu.edu.cn/2229/list.htm,0,2026-09-29 21:25:12
资源与环境工程学院,2230,通知公告,https://zihuan.sspu.edu.cn/2230/list.htm,0,2026-09-29 21:25:12
资源与环境工程学院,2231,招生动态,https://zihuan.sspu.edu.cn/2231/list.htm,0,2026-09-29 21:25:12
资源与环境工程学院,2232,就业信息,https://zihuan.sspu.edu.cn/2232/list.htm,0,2026-09-29 21:25:12
资源与环境工程学院,2233,人才招聘,https://zihuan.sspu.edu.cn/2233/list.htm,0,2026-09-29 21:25:12
资源与环境工程学院,2234,下载中心,https://zihuan.sspu.edu.cn/2234/list.htm,0,2026-09-29 21:25:12
资源与环境工程学院,2235,师资概况,https://zihuan.sspu.edu.cn/2235/list.htm,0,2026-09-29 21:25:12
资源与环境工程学院,2237,各系、室、中心等团队,https://zihuan.sspu.edu.cn/2237/list.htm,0,2026-09-29 21:25:12
资源与环境工程学院,2238,招生,https://zihuan.sspu.edu.cn/2238/list.htm,0,2026-09-29 21:25:12
资源与环境工程学院,2239,本科生培养,https://zihuan.sspu.edu.cn/2239/list.htm,0,2026-09-29 21:25:12
资源与环境工程学院,2240,研究生培养,https://zihuan.sspu.edu.cn/2240/list.htm,0,2026-09-29 21:25:12
资源与环境工程学院,2243,科研成果,https://zihuan.sspu.edu.cn/2243/list.htm,0,2026-09-29 21:25:12
资源与环境工程学院,2244,社会服务,https://zihuan.sspu.edu.cn/2244/list.htm,0,2026-09-29 21:25:12
资源与环境工程学院,2246,党建动态,https://zihuan.sspu.edu.cn/2246/list.htm,0,2026-09-29 21:25:12
资源与环境工程学院,2247,教师思政,https://zihuan.sspu.edu.cn/2247/list.htm,0,2026-09-29 21:25:12
资源与环境工程学院,2249,合作项目,https://zihuan.sspu.edu.cn/2249/list.htm,0,2026-09-29 21:25:12
资源与环境工程学院,2250,外国专家,https://zihuan.sspu.edu.cn/2250/list.htm,0,2026-09-29 21:25:12
资源与环境工程学院,6110,讲座预览,https://zihuan.sspu.edu.cn/6110/list.htm,0,2026-09-29 21:25:12
资源与环境工程学院,6111,学术成果,https://zihuan.sspu.edu.cn/6111/list.htm,0,2026-09-29 21:25:12
资源与环境工程学院,hjgcx,教师名录,http://zihuan.sspu.edu.cn/hjgcx/list.htm,0,2026-09-29 21:25:12
资源与环境工程学院,kypt,科研平台,https://zihuan.sspu.edu.cn/kypt/list.htm,0,2026-09-29 21:25:12
资源与环境工程学院,xsgz,学生工作,https://zihuan.sspu.edu.cn/xsgz/list.htm,0,2026-09-29 21:25:12
资源与环境工程学院,xssd,学术术地,https://zihuan.sspu.edu.cn/xssd/list.htm,0,2026-09-29 21:25:12
集成电路学院,5951,English,https://sic.sspu.edu.cn/5951/list.htm,0,2026-09-29 21:21:54
集成电路学院,5953,学院概况,https://sic.sspu.edu.cn/5953/list.htm,0,2026-09-29 21:21:54
集成电路学院,5955,师资队伍,https://sic.sspu.edu.cn/5955/list.htm,0,2026-09-29 21:21:54
集成电路学院,5956,教育教学,https://sic.sspu.edu.cn/5956/list.htm,0,2026-09-29 21:21:54
集成电路学院,5957,科学研究,https://sic.sspu.edu.cn/5957/list.htm,0,2026-09-29 21:21:54
集成电路学院,5958,人才招聘,https://sic.sspu.edu.cn/5958/list.htm,0,2026-09-29 21:21:54
集成电路学院,5959,招生就业,https://sic.sspu.edu.cn/5959/list.htm,0,2026-09-29 21:21:54
集成电路学院,5960,合作交流,https://sic.sspu.edu.cn/5960/list.htm,0,2026-09-29 21:21:54
集成电路学院,5962,查看更多,https://sic.sspu.edu.cn/5962/list.htm,0,2026-09-29 21:21:54
集成电路学院,5963,查看更多,https://sic.sspu.edu.cn/5963/list.htm,1,2026-09-29 21:21:54
集成电路学院,5969,学院简介,https://sic.sspu.edu.cn/5969/list.htm,0,2026-09-29 21:21:54
集成电路学院,5970,管理团队,https://sic.sspu.edu.cn/5970/list.htm,0,2026-09-29 21:21:54
集成电路学院,5971,院务委员会,https://sic.sspu.edu.cn/5971/list.htm,0,2026-09-29 21:21:54
集成电路学院,5972,联系我们,https://sic.sspu.edu.cn/5972/list.htm,0,2026-09-29 21:21:54
集成电路学院,5975,师资概况,https://sic.sspu.edu.cn/5975/list.htm,0,2026-09-29 21:21:54
集成电路学院,5976,高层次人才,https://sic.sspu.edu.cn/5976/list.htm,0,2026-09-29 21:21:54
集成电路学院,5979,本科生培养,https://sic.sspu.edu.cn/5979/list.htm,0,2026-09-29 21:21:54
集成电路学院,5980,研究生培养,https://sic.sspu.edu.cn/5980/list.htm,0,2026-09-29 21:21:54
集成电路学院,5981,科研概况,https://sic.sspu.edu.cn/5981/list.htm,0,2026-09-29 21:21:54
集成电路学院,5982,科研动态,https://sic.sspu.edu.cn/5982/list.htm,0,2026-09-29 21:21:54
集成电路学院,5983,招生信息,https://sic.sspu.edu.cn/5983/list.htm,0,2026-09-29 21:21:54
集成电路学院,5984,招聘信息,https://sic.sspu.edu.cn/5984/list.htm,0,2026-09-29 21:21:54
集成电路学院,5987,实习就业,https://sic.sspu.edu.cn/5987/list.htm,0,2026-09-29 21:21:54
集成电路学院,5993,教师名录,http://sic.sspu.edu.cn/5993/list.htm,0,2026-09-29 21:21:54
集成电路学院,6345,学生动态,https://sic.sspu.edu.cn/6345/list.htm,0,2026-09-29 21:21:54
集成电路学院,6346,党团活动,https://sic.sspu.edu.cn/6346/list.htm,0,2026-09-29 21:21:54
集成电路学院,cydt,查看更多,https://sic.sspu.edu.cn/cydt/list.htm,0,2026-09-29 21:21:54
集成电路学院,xsgz,学生工作,https://sic.sspu.edu.cn/xsgz/list.htm,0,2026-09-29 21:21:54
集成电路学院,xshd,查看更多,https://sic.sspu.edu.cn/xshd/list.htm,0,2026-09-29 21:21:54
集成电路学院,xzzx,下载中心,https://sic.sspu.edu.cn/xzzx/list.htm,0,2026-09-29 21:21:54
马克思主义学院,243,学院概况,https://mkszyxy.sspu.edu.cn/243/list.htm,0,2026-09-29 21:20:03
马克思主义学院,244,师资队伍,https://mkszyxy.sspu.edu.cn/244/list.htm,0,2026-09-29 21:20:03
马克思主义学院,245,学科建设,https://mkszyxy.sspu.edu.cn/245/list.htm,0,2026-09-29 21:20:03
马克思主义学院,246,科学研究,https://mkszyxy.sspu.edu.cn/246/list.htm,0,2026-09-29 21:20:03
马克思主义学院,247,教育教学,https://mkszyxy.sspu.edu.cn/247/list.htm,0,2026-09-29 21:20:03
马克思主义学院,248,党群工作,https://mkszyxy.sspu.edu.cn/248/list.htm,0,2026-09-29 21:20:03
马克思主义学院,249,网络教学,https://mkszyxy.sspu.edu.cn/249/list.htm,0,2026-09-29 21:20:03
马克思主义学院,250,学院新闻,https://mkszyxy.sspu.edu.cn/250/list.htm,0,2026-09-29 21:20:03
马克思主义学院,251,通知公告,https://mkszyxy.sspu.edu.cn/251/list.htm,2,2026-09-29 21:20:03
马克思主义学院,252,学术科研,https://mkszyxy.sspu.edu.cn/252/list.htm,0,2026-09-29 21:20:03
马克思主义学院,254,学院简介,https://mkszyxy.sspu.edu.cn/254/list.htm,0,2026-09-29 21:20:03
马克思主义学院,255,学院领导,https://mkszyxy.sspu.edu.cn/255/list.htm,0,2026-09-29 21:20:03
马克思主义学院,256,组织机构,https://mkszyxy.sspu.edu.cn/256/list.htm,0,2026-09-29 21:20:03
马克思主义学院,257,教授,https://mkszyxy.sspu.edu.cn/257/list.htm,0,2026-09-29 21:20:03
马克思主义学院,258,副教授,https://mkszyxy.sspu.edu.cn/258/list.htm,0,2026-09-29 21:20:03
马克思主义学院,259,讲师,https://mkszyxy.sspu.edu.cn/259/list.htm,0,2026-09-29 21:20:03
马克思主义学院,260,研究生导师,https://mkszyxy.sspu.edu.cn/260/list.htm,0,2026-09-29 21:20:03
马克思主义学院,261,学科介绍,https://mkszyxy.sspu.edu.cn/261/list.htm,0,2026-09-29 21:20:03
马克思主义学院,262,研究生培养,https://mkszyxy.sspu.edu.cn/262/list.htm,0,2026-09-29 21:20:03
马克思主义学院,263,科研项目,https://mkszyxy.sspu.edu.cn/263/list.htm,0,2026-09-29 21:20:03
马克思主义学院,264,论文著作,https://mkszyxy.sspu.edu.cn/264/list.htm,0,2026-09-29 21:20:03
马克思主义学院,265,研究机构,https://mkszyxy.sspu.edu.cn/265/list.htm,0,2026-09-29 21:20:03
马克思主义学院,266,教学管理,https://mkszyxy.sspu.edu.cn/266/list.htm,0,2026-09-29 21:20:03
马克思主义学院,267,课程建设,https://mkszyxy.sspu.edu.cn/267/list.htm,0,2026-09-29 21:20:03
马克思主义学院,268,教学改革,https://mkszyxy.sspu.edu.cn/268/list.htm,0,2026-09-29 21:20:03
马克思主义学院,269,党建动态,https://mkszyxy.sspu.edu.cn/269/list.htm,0,2026-09-29 21:20:03
马克思主义学院,270,工会活动,https://mkszyxy.sspu.edu.cn/270/list.htm,0,2026-09-29 21:20:03
马克思主义学院,271,社团活动,https://mkszyxy.sspu.edu.cn/271/list.htm,0,2026-09-29 21:20:03
马克思主义学院,xzzq,下载专区,https://mkszyxy.sspu.edu.cn/xzzq/list.htm,0,2026-09-29 21:20:03
