dept,scope_note,owner,target_count,got_count,status,note
信息公开,信息公开栏目内的制度类条目,,110,57,done,44 栏目，制度关键词 114 条；与部门站重复的以部门站为准
教务处,学籍考试培养等教学管理文件,,40,26,done,39 栏目，首页 34 条，翻页后更多
学生处,学生手册与奖助贷勤补免各类办法,,20,20,done,33 栏目，「规章制度」栏目 14 条
保卫处,校园安全管理与治安规定,,25,17,done,15 栏目，信息公开栏目 18 条
研究生处,研究生培养与学籍管理文件,,25,16,done,41 栏目，法规与招生类为主
财务处,收费与报销相关规定,,30,13,done,21 栏目，国家制度 10 / 政策法规 9 / 信息公开 6
图书馆,,,,10,done,
体育部,,,,8,done,
数学与统计学院,,,,7,done,
能源与材料学院,,,,7,done,
国际交流处,,,,5,done,
创新创业中心,,,,2,done,
智能制造与控制工程学院,,,,2,done,
科研处,,,,2,done,
马克思主义学院,,,,2,done,
职业技术教师教育学院,,,,1,done,
集成电路学院,,,,1,done,
