id,question,expected_doc_id,expected_title,hit,rank,top1_doc_id,top1_title,top1_score
q01,图书馆每人最多可以同时借多少册图书，外借期限是多久？,76af297ad0fe,上海第二工业大学图书馆图书外借管理办法（修订）,Y,4,0a91830dad84,上海第二工业大学学生手册（2023版）,0.6494
q02,借的图书快到期了还想继续用，可以续借几次？,76af297ad0fe,上海第二工业大学图书馆图书外借管理办法（修订）,Y,1,76af297ad0fe,上海第二工业大学图书馆图书外借管理办法（修订）,0.6748
q03,在图书馆的书上批注、涂画被发现了要赔偿多少钱？,9bbe8160302a,上海第二工业大学读者违规处理和赔偿的管理办法（试行）,Y,3,fa160bec9d4e,上海第二工业大学 图书馆读者违规处理和赔偿的管理办法（修订）,0.6680
q04,优秀毕业生的评选工作一般在什么时候进行？,ea3933f4a755,上海第二工业大学本专科优秀毕业生评选办法,Y,1,ea3933f4a755,上海第二工业大学本专科优秀毕业生评选办法,0.6030
q05,校园里电动自行车的公共充电桩由哪个部门负责建设和维护？,c4916ac6a236,上海第二工业大学电动自行车管理办法（修订）,Y,1,c4916ac6a236,上海第二工业大学电动自行车管理办法（修订）,0.6667
q06,申请科创活动、科研活动、创业活动模块的创新创业学分，要在什么时候向学部（院）提出申请？,bea32bdf2575,上海第二工业大学创新创业学分管理办法,Y,1,bea32bdf2575,上海第二工业大学创新创业学分管理办法,0.7018
q07,在宿舍里使用违规电器被查到会怎么处理？,ea668a3c48a6,上海第二工业大学宿舍区消防安全管理规定,Y,2,9c697a539b03,留学生规章制度,0.6211
q08,学生公寓公共区域的地面每天清扫几次？,95b80de87d2c,上海第二工业大学学生公寓服务管理规范,Y,1,95b80de87d2c,上海第二工业大学学生公寓服务管理规范,0.5399
q09,非全日制硕士研究生的理论课一般安排在什么时间上？,bac8a78ab6fd,2024-03-01上海第二工业大学非全日制硕士研究生管理办法（试行）,Y,1,bac8a78ab6fd,2024-03-01上海第二工业大学非全日制硕士研究生管理办法（试行）,0.7671
q10,研究生国家奖学金的评审结果要公示多长时间？,8bc98e5424de,上海第二工业大学 硕士研究生国家奖学金评审实施办法 (2023年修订),Y,1,8bc98e5424de,上海第二工业大学 硕士研究生国家奖学金评审实施办法 (2023年修订),0.7251
q11,发生一般实验室安全事故，事故直接责任人会受到什么处理？,8df1571ec05b,上海第二工业大学实验室安全责任追究办法（试行）（沪二工大资[2018]206号）,Y,1,8df1571ec05b,上海第二工业大学实验室安全责任追究办法（试行）（沪二工大资[2018]206号）,0.6723
q12,教职工申诉处置决定书要在多长时间内送达申诉人？,0f31367236f6,上海第二工业大学教职工申诉处置办法（试行）,Y,1,0f31367236f6,上海第二工业大学教职工申诉处置办法（试行）,0.7134
q13,本校师生员工进出校门时需要配合做什么？,58f3b58ebeed,上海第二工业大学校门出入管理规定,Y,1,58f3b58ebeed,上海第二工业大学校门出入管理规定,0.6445
q14,学校总值班的值班时间是怎么安排的？,943e65e8e692,上海第二工业大学总值班制度（2026年修订）,Y,1,943e65e8e692,上海第二工业大学总值班制度（2026年修订）,0.6981
q15,校外服务单位人员的车辆怎么办理校内停车登记？,9c9dc470ec65,上海第二工业大学机动车停车管理办法,Y,1,9c9dc470ec65,上海第二工业大学机动车停车管理办法,0.6726
q16,学生申请转专业要走什么程序？,a8af8dfaeaae,上海第二工业大学学生转专业实施办法（修订）,Y,4,8beaca14b3b6,教学管理文件汇编,0.6903
q17,转专业获准之后，要在多长时间内办理学分认定手续？,a8af8dfaeaae,上海第二工业大学学生转专业实施办法（修订）,Y,5,8beaca14b3b6,教学管理文件汇编,0.7226
q18,学生提交的申诉书里应当包含哪些内容？,fd645c5d0bc2,上海第二工业大学学生申诉管理办法,Y,5,0a91830dad84,上海第二工业大学学生手册（2023版）,0.6770
q19,学校给予学生处分应当遵循什么原则？,7b4a3d211f63,上海第二工业大学学生违纪处分办法  （2023年修订）,N,,8beaca14b3b6,教学管理文件汇编,0.7811
q20,学生公寓的生活园区行为分是怎么计算的？,651f5d582cef,上海第二工业大学学生公寓管理条例,Y,1,651f5d582cef,上海第二工业大学学生公寓管理条例,0.6531
